row_id,group_id,family_parameter,feed_fraction,stages,class,purity,source_id
separation-purity-000,family-00,0.59999999999999998,0.52864650020115844,7.9601276294733294,class-0,0.7733341846386419,synthetic:separation-purity
separation-purity-001,family-00,0.59999999999999998,0.79359483161094369,3.4111236358154411,class-0,0.86098284470149178,synthetic:separation-purity
separation-purity-002,family-00,0.59999999999999998,0.12254709158496778,5.375560867554559,class-0,0.22842444809342766,synthetic:separation-purity
separation-purity-003,family-00,0.59999999999999998,0.43002825632731584,6.4892166907455868,class-0,0.65140247543213836,synthetic:separation-purity
separation-purity-004,family-00,0.59999999999999998,0.34732921361221653,4.8309020573796175,class-0,0.51109229999622874,synthetic:separation-purity
separation-purity-005,family-01,0.65263157894736845,0.20451217703498376,5.7649955435464699,class-1,0.38059712775789462,synthetic:separation-purity
separation-purity-006,family-01,0.65263157894736845,0.71252661752808688,7.2956134773324983,class-1,0.88187802933827963,synthetic:separation-purity
separation-purity-007,family-01,0.65263157894736845,0.45536215991246803,7.448684369559893,class-1,0.72046230444611581,synthetic:separation-purity
separation-purity-008,family-01,0.65263157894736845,0.50915334541878099,3.8266473230897469,class-1,0.64907407911524939,synthetic:separation-purity
separation-purity-009,family-01,0.65263157894736845,0.26402119069402818,1.1495322502258554,class-1,0.29913229123437923,synthetic:separation-purity
separation-purity-010,family-02,0.70526315789473681,0.46704426741614963,4.1394613876292974,class-2,0.63185470999480953,synthetic:separation-purity
separation-purity-011,family-02,0.70526315789473681,0.6002568292184407,7.1040820118849357,class-2,0.8263746376287685,synthetic:separation-purity
separation-purity-012,family-02,0.70526315789473681,0.19915632704753911,1.1669426566864023,class-2,0.23110558619949478,synthetic:separation-purity
separation-purity-013,family-02,0.70526315789473681,0.24857300088506817,6.2351027317778769,class-2,0.47658320907508117,synthetic:separation-purity
separation-purity-014,family-02,0.70526315789473681,0.29409537328027857,3.0337535381095702,class-2,0.40541972400944742,synthetic:separation-purity
separation-purity-015,family-03,0.75789473684210518,0.43574534897652345,6.1788912618131357,class-0,0.69288834803097543,synthetic:separation-purity
separation-purity-016,family-03,0.75789473684210518,0.39190375685826345,4.1766804536131197,class-0,0.57086539820237148,synthetic:separation-purity
separation-purity-017,family-03,0.75789473684210518,0.42081878207463935,6.3438259580482788,class-0,0.68596238133523679,synthetic:separation-purity
separation-purity-018,family-03,0.75789473684210518,0.50112568030398952,5.5708740794619276,class-0,0.72534073987643422,synthetic:separation-purity
separation-purity-019,family-03,0.75789473684210518,0.63995680957507362,1.9411081145261988,class-0,0.71340519376304512,synthetic:separation-purity
separation-purity-020,family-04,0.81052631578947365,0.60132402078492064,2.2530903861448532,class-1,0.69565828666322183,synthetic:separation-purity
separation-purity-021,family-04,0.81052631578947365,0.50430469606862027,4.5962210107023775,class-1,0.70376215227599048,synthetic:separation-purity
separation-purity-022,family-04,0.81052631578947365,0.65151225847728933,6.4732541292970005,class-1,0.86057658016580818,synthetic:separation-purity
separation-purity-023,family-04,0.81052631578947365,0.33507649645000315,5.7913153303243954,class-1,0.59465788691774313,synthetic:separation-purity
separation-purity-024,family-04,0.81052631578947365,0.31372891271366837,5.5456459619347473,class-1,0.55983576642142852,synthetic:separation-purity
separation-purity-025,family-05,0.86315789473684212,0.21459694244622313,3.9861992545644407,class-2,0.37318960559848507,synthetic:separation-purity
separation-purity-026,family-05,0.86315789473684212,0.59292508473719452,7.8352484611486597,class-2,0.87068495015819047,synthetic:separation-purity
separation-purity-027,family-05,0.86315789473684212,0.33274576513799559,7.709680387266248,class-2,0.69224375785555026,synthetic:separation-purity
separation-purity-028,family-05,0.86315789473684212,0.33268304466845683,2.527327207393002,class-2,0.44960884345799501,synthetic:separation-purity
separation-purity-029,family-05,0.86315789473684212,0.52920472067326363,3.4254484806581114,class-2,0.68702832837879946,synthetic:separation-purity
separation-purity-030,family-06,0.91578947368421049,0.31130943292040675,4.8494933097310193,class-0,0.55125858179637954,synthetic:separation-purity
separation-purity-031,family-06,0.91578947368421049,0.55829008053039353,1.2054891831490695,class-0,0.61839622342552913,synthetic:separation-purity
separation-purity-032,family-06,0.91578947368421049,0.50924966218871115,5.2837159627904331,class-0,0.75515232693650181,synthetic:separation-purity
separation-purity-033,family-06,0.91578947368421049,0.43018502815608528,3.9303276841071568,class-0,0.62929002730390082,synthetic:separation-purity
separation-purity-034,family-06,0.91578947368421049,0.53097619384437134,5.1384464110890562,class-0,0.76555777825092242,synthetic:separation-purity
separation-purity-035,family-07,0.96842105263157885,0.52487463670619394,2.3801243748079792,class-1,0.64921948271939334,synthetic:separation-purity
separation-purity-036,family-07,0.96842105263157885,0.30349915483372475,7.9534724099474037,class-1,0.70964986437484712,synthetic:separation-purity
separation-purity-037,family-07,0.96842105263157885,0.54401888736434934,1.7642375493377458,class-1,0.63622874711163457,synthetic:separation-purity
separation-purity-038,family-07,0.96842105263157885,0.21671954485023187,7.1899801433208488,class-1,0.56806398046446183,synthetic:separation-purity
separation-purity-039,family-07,0.96842105263157885,0.24531783893141235,3.1353192507548471,class-1,0.39079289324943939,synthetic:separation-purity
separation-purity-040,family-08,1.0210526315789474,0.46744938750234122,7.3654488821592263,class-2,0.82406182045327503,synthetic:separation-purity
separation-purity-041,family-08,1.0210526315789474,0.17495280661898122,7.5365083369633412,class-2,0.54052713562454902,synthetic:separation-purity
separation-purity-042,family-08,1.0210526315789474,0.49527379038773872,3.5833897773976782,class-2,0.68906703151541604,synthetic:separation-purity
separation-purity-043,family-08,1.0210526315789474,0.69456577812589548,4.1568733098608472,class-2,0.85403406147195582,synthetic:separation-purity
separation-purity-044,family-08,1.0210526315789474,0.69065410544217687,6.7578258490931837,class-2,0.91209910008006112,synthetic:separation-purity
separation-purity-045,family-09,1.0736842105263158,0.28959095034964777,3.8164545732166695,class-0,0.5025194298854474,synthetic:separation-purity
separation-purity-046,family-09,1.0736842105263158,0.16698309436343173,2.6794047989443346,class-0,0.27486622801184235,synthetic:separation-purity
separation-purity-047,family-09,1.0736842105263158,0.25229567611886516,2.304723273361287,class-0,0.36855864061625965,synthetic:separation-purity
separation-purity-048,family-09,1.0736842105263158,0.5621311995568774,1.6317723672796194,class-0,0.6542575925110069,synthetic:separation-purity
separation-purity-049,family-09,1.0736842105263158,0.47234017880484547,1.0729436770851635,class-0,0.53602858220674299,synthetic:separation-purity
separation-purity-050,family-10,1.1263157894736842,0.45848247371792583,5.1945637300657843,class-1,0.7544115473662597,synthetic:separation-purity
separation-purity-051,family-10,1.1263157894736842,0.65061870883807305,7.9098846616218008,class-1,0.9298342411905075,synthetic:separation-purity
separation-purity-052,family-10,1.1263157894736842,0.073803757682945101,5.6439333173719604,class-1,0.24426134705542005,synthetic:separation-purity
separation-purity-053,family-10,1.1263157894736842,0.71527236227345348,1.3458825008765971,class-1,0.77817008569683355,synthetic:separation-purity
separation-purity-054,family-10,1.1263157894736842,0.41606731730154406,6.4857168869861441,class-1,0.78076354251104541,synthetic:separation-purity
separation-purity-055,family-11,1.1789473684210527,0.3687136111347919,3.0062712169786807,class-2,0.55941861925409064,synthetic:separation-purity
separation-purity-056,family-11,1.1789473684210527,0.5934818589963321,3.8181378988935788,class-2,0.79651142446166057,synthetic:separation-purity
separation-purity-057,family-11,1.1789473684210527,0.24148804309203115,5.764802295907562,class-2,0.58529604103820976,synthetic:separation-purity
separation-purity-058,family-11,1.1789473684210527,0.73973328311328168,2.8082249172912945,class-2,0.85445371758475719,synthetic:separation-purity
separation-purity-059,family-11,1.1789473684210527,0.50820353983761124,3.8763634548465373,class-2,0.73771206754759333,synthetic:separation-purity
separation-purity-060,family-12,1.2315789473684209,0.66980343346156745,6.1758920080675654,class-0,0.91412083446886194,synthetic:separation-purity
separation-purity-061,family-12,1.2315789473684209,0.11581363585040057,3.6662723653057534,class-0,0.25949610193019568,synthetic:separation-purity
separation-purity-062,family-12,1.2315789473684209,0.15724532465563368,1.5719037996105456,class-0,0.22150106100126793,synthetic:separation-purity
separation-purity-063,family-12,1.2315789473684209,0.72874779135791734,7.1138742974473459,class-0,0.94773639069121196,synthetic:separation-purity
separation-purity-064,family-12,1.2315789473684209,0.12143651976964766,4.9926691038054205,class-0,0.34552454662872062,synthetic:separation-purity
separation-purity-065,family-13,1.2842105263157895,0.60258512876477666,5.3437700238883821,class-1,0.87035576749135923,synthetic:separation-purity
separation-purity-066,family-13,1.2842105263157895,0.059057156330225999,5.2179630291002157,class-1,0.21156042136462525,synthetic:separation-purity
separation-purity-067,family-13,1.2842105263157895,0.24382349831633798,1.1923515248536138,class-1,0.31005864661089871,synthetic:separation-purity
separation-purity-068,family-13,1.2842105263157895,0.25589214602091664,2.7354761328195614,class-1,0.42414160425797204,synthetic:separation-purity
separation-purity-069,family-13,1.2842105263157895,0.6819200435759476,2.4560574739360703,class-1,0.80945101006745002,synthetic:separation-purity
separation-purity-070,family-14,1.3368421052631578,0.28410944822691986,1.744648905062359,class-2,0.39624970353777683,synthetic:separation-purity
separation-purity-071,family-14,1.3368421052631578,0.21170807639603473,2.2468221948372382,class-2,0.33921105374566596,synthetic:separation-purity
separation-purity-072,family-14,1.3368421052631578,0.065884393639556629,6.0194513544837882,class-2,0.28576310950833772,synthetic:separation-purity
separation-purity-073,family-14,1.3368421052631578,0.26843891054980046,4.2862473752529446,class-2,0.55807129074771389,synthetic:separation-purity
separation-purity-074,family-14,1.3368421052631578,0.70141176599251964,5.3914994417933455,class-2,0.91748175229011564,synthetic:separation-purity
separation-purity-075,family-15,1.3894736842105262,0.45483018411652049,2.8906932322407837,class-0,0.66389418217342699,synthetic:separation-purity
separation-purity-076,family-15,1.3894736842105262,0.074435856893958749,7.501372647041884,class-0,0.42949640218463248,synthetic:separation-purity
separation-purity-077,family-15,1.3894736842105262,0.11528526125047729,2.2607716511264555,class-0,0.20362356177764016,synthetic:separation-purity
separation-purity-078,family-15,1.3894736842105262,0.24774539776730459,6.1384770776132642,class-0,0.6725044816509872,synthetic:separation-purity
separation-purity-079,family-15,1.3894736842105262,0.62835526586524171,6.4894220285739319,class-0,0.92129041673030054,synthetic:separation-purity
separation-purity-080,family-16,1.4421052631578948,0.19739091895383165,5.6508734546714807,class-1,0.58347665341324928,synthetic:separation-purity
separation-purity-081,family-16,1.4421052631578948,0.061459665324336207,2.7135859293802778,class-1,0.13118648770751215,synthetic:separation-purity
separation-purity-082,family-16,1.4421052631578948,0.79355688529983848,4.5122090231437344,class-1,0.93909957909197483,synthetic:separation-purity
separation-purity-083,family-16,1.4421052631578948,0.7654166276827391,1.0949377598339094,class-1,0.82049569957298651,synthetic:separation-purity
separation-purity-084,family-16,1.4421052631578948,0.51692080225074433,7.9340890971409932,class-1,0.92486699135978512,synthetic:separation-purity
separation-purity-085,family-17,1.4947368421052629,0.20686471463069622,2.8967489596815565,class-2,0.395507000751743,synthetic:separation-purity
separation-purity-086,family-17,1.4947368421052629,0.48950764253224877,1.2758513270678449,class-2,0.58979126070898125,synthetic:separation-purity
separation-purity-087,family-17,1.4947368421052629,0.22620679198249044,3.8496491998500217,class-2,0.49809861854109821,synthetic:separation-purity
separation-purity-088,family-17,1.4947368421052629,0.54277957036843005,5.0749042604726045,class-2,0.85604241019771266,synthetic:separation-purity
separation-purity-089,family-17,1.4947368421052629,0.078296219250104729,4.6818235804870838,class-2,0.27303809509152643,synthetic:separation-purity
separation-purity-090,family-18,1.5473684210526315,0.60137738427521881,5.5959250608246442,class-0,0.90389214139706098,synthetic:separation-purity
separation-purity-091,family-18,1.5473684210526315,0.71967940428944521,3.6733949690003955,class-0,0.89512363593450961,synthetic:separation-purity
separation-purity-092,family-18,1.5473684210526315,0.65316289938392547,5.8557400729390583,class-0,0.927437011921872,synthetic:separation-purity
separation-purity-093,family-18,1.5473684210526315,0.23327145757168044,6.2625526828715747,class-0,0.70226525284021368,synthetic:separation-purity
separation-purity-094,family-18,1.5473684210526315,0.11345155070964387,7.6040683909089841,class-0,0.60606306963644718,synthetic:separation-purity
separation-purity-095,family-19,1.6000000000000001,0.77607343189632316,1.5835436479483882,class-1,0.85517096625107658,synthetic:separation-purity
separation-purity-096,family-19,1.6000000000000001,0.39403648062344299,6.8336027855483472,class-1,0.86633573226237193,synthetic:separation-purity
separation-purity-097,family-19,1.6000000000000001,0.60866713651973925,4.3696138745003505,class-1,0.87123994492591961,synthetic:separation-purity
separation-purity-098,family-19,1.6000000000000001,0.7589499112556547,1.7123550573663135,class-1,0.84852654441473108,synthetic:separation-purity
separation-purity-099,family-19,1.6000000000000001,0.24409422097688532,7.0461996397709106,class-1,0.77564896671880112,synthetic:separation-purity
