row_id,group_id,family_parameter,cycle,rate,class,retention,source_id
battery-retention-000,family-00,0.59999999999999998,836.63181419698878,0.99540748759115294,class-0,0.77892783791115705,synthetic:battery-retention
battery-retention-001,family-00,0.59999999999999998,600.58848669820838,1.0698430533167689,class-0,0.82467935721244401,synthetic:battery-retention
battery-retention-002,family-00,0.59999999999999998,295.97460927429154,0.36738825272480058,class-0,0.96790505676943517,synthetic:battery-retention
battery-retention-003,family-00,0.59999999999999998,52.522054987269293,0.20127756830048518,class-0,0.99683357029324526,synthetic:battery-retention
battery-retention-004,family-00,0.59999999999999998,973.91785115515211,1.1563657097989728,class-0,0.71329402794005903,synthetic:battery-retention
battery-retention-005,family-01,0.65263157894736845,600.50698702404156,0.95794413175769599,class-1,0.82885184294823921,synthetic:battery-retention
battery-retention-006,family-01,0.65263157894736845,792.36053277453402,2.2342950279513643,class-1,0.56118830507538786,synthetic:battery-retention
battery-retention-007,family-01,0.65263157894736845,911.23598748249822,0.24101912553857621,class-1,0.93084062482849173,synthetic:battery-retention
battery-retention-008,family-01,0.65263157894736845,691.27290311582772,2.6964030832040935,class-1,0.54430994519830622,synthetic:battery-retention
battery-retention-009,family-01,0.65263157894736845,198.09155865384591,2.4862501477738066,class-1,0.85153709768097463,synthetic:battery-retention
battery-retention-010,family-02,0.70526315789473681,981.66419082099378,2.7470174859402832,class-2,0.38638403759533896,synthetic:battery-retention
battery-retention-011,family-02,0.70526315789473681,291.89264951747208,2.3489268977902844,class-2,0.78523175552283431,synthetic:battery-retention
battery-retention-012,family-02,0.70526315789473681,632.98043805155976,2.0410076224646323,class-2,0.63408577076834471,synthetic:battery-retention
battery-retention-013,family-02,0.70526315789473681,585.22611399255288,2.3386242279616285,class-2,0.61716428201102513,synthetic:battery-retention
battery-retention-014,family-02,0.70526315789473681,603.91315040095014,2.6632785478423999,class-2,0.5671288622200551,synthetic:battery-retention
battery-retention-015,family-03,0.75789473684210518,539.89562430803414,2.5907365913098825,class-0,0.58857904326746757,synthetic:battery-retention
battery-retention-016,family-03,0.75789473684210518,995.81933317636594,0.95734392610404395,class-0,0.69679342688250601,synthetic:battery-retention
battery-retention-017,family-03,0.75789473684210518,506.9266238499568,2.866501369564133,class-0,0.57657454454382495,synthetic:battery-retention
battery-retention-018,family-03,0.75789473684210518,773.31235063848237,2.979409145594782,class-0,0.41765481026958279,synthetic:battery-retention
battery-retention-019,family-03,0.75789473684210518,499.22016084202647,2.1422680229783087,class-0,0.66679652730127692,synthetic:battery-retention
battery-retention-020,family-04,0.81052631578947365,997.6977482404676,1.9167047996030522,class-1,0.46071229483346859,synthetic:battery-retention
battery-retention-021,family-04,0.81052631578947365,978.83570215586383,1.9176158006763144,class-1,0.46734317877083337,synthetic:battery-retention
battery-retention-022,family-04,0.81052631578947365,399.63236451703261,2.1204139380703118,class-1,0.70934424037762589,synthetic:battery-retention
battery-retention-023,family-04,0.81052631578947365,328.70601016428299,2.7377801829023296,class-1,0.69440052015123088,synthetic:battery-retention
battery-retention-024,family-04,0.81052631578947365,863.55884460805703,1.0660743654223839,class-1,0.68860150910458973,synthetic:battery-retention
battery-retention-025,family-05,0.86315789473684212,801.33164641525991,1.3217825273077499,class-2,0.63310281073577368,synthetic:battery-retention
battery-retention-026,family-05,0.86315789473684212,694.51632638784872,1.0843459963122108,class-2,0.72251263010247146,synthetic:battery-retention
battery-retention-027,family-05,0.86315789473684212,414.43267314167986,2.2213985637879623,class-2,0.67211872963302199,synthetic:battery-retention
battery-retention-028,family-05,0.86315789473684212,395.86748134941826,0.29537041628773264,class-2,0.95078866431901454,synthetic:battery-retention
battery-retention-029,family-05,0.86315789473684212,140.33191163732403,1.3300361333038231,class-2,0.92260627572219522,synthetic:battery-retention
battery-retention-030,family-06,0.91578947368421049,629.24251287602851,1.3327103675599352,class-0,0.68113849738238308,synthetic:battery-retention
battery-retention-031,family-06,0.91578947368421049,91.577356734263091,1.3015918785118168,class-0,0.94688334372532867,synthetic:battery-retention
battery-retention-032,family-06,0.91578947368421049,281.82725881253816,1.7919045153710842,class-0,0.79354875848119943,synthetic:battery-retention
battery-retention-033,family-06,0.91578947368421049,659.55585685140034,0.88720399651765991,class-0,0.76495218120235697,synthetic:battery-retention
battery-retention-034,family-06,0.91578947368421049,24.529269982536096,2.6971780165355579,class-0,0.97016004353153584,synthetic:battery-retention
battery-retention-035,family-07,0.96842105263157885,836.18685026303524,1.2588083029789143,class-1,0.60068807356222531,synthetic:battery-retention
battery-retention-036,family-07,0.96842105263157885,81.675087267974206,2.8815540736129561,class-1,0.892294076156955,synthetic:battery-retention
battery-retention-037,family-07,0.96842105263157885,528.87961506783927,2.8051307104680281,class-1,0.48754955917647724,synthetic:battery-retention
battery-retention-038,family-07,0.96842105263157885,551.08501037511974,1.1735233053765026,class-1,0.73114438362385914,synthetic:battery-retention
battery-retention-039,family-07,0.96842105263157885,234.97449300714419,1.2326028639944331,class-1,0.86914786957194312,synthetic:battery-retention
battery-retention-040,family-08,1.0210526315789474,956.4184341656387,1.9350386843081564,class-2,0.38874391938117192,synthetic:battery-retention
battery-retention-041,family-08,1.0210526315789474,347.55421231678355,1.3113395233582756,class-2,0.79240846789550445,synthetic:battery-retention
battery-retention-042,family-08,1.0210526315789474,509.66036630020625,0.5018116386937348,class-2,0.87759602981931795,synthetic:battery-retention
battery-retention-043,family-08,1.0210526315789474,868.70977543508752,0.98963723886717991,class-2,0.64474310724770334,synthetic:battery-retention
battery-retention-044,family-08,1.0210526315789474,660.38342030245758,0.72063154021856146,class-2,0.78430605233540829,synthetic:battery-retention
battery-retention-045,family-09,1.0736842105263158,390.87518372901428,1.3791906956855593,class-0,0.74870744117379751,synthetic:battery-retention
battery-retention-046,family-09,1.0736842105263158,105.30968378487566,2.6928422333612896,class-0,0.85878304713796949,synthetic:battery-retention
battery-retention-047,family-09,1.0736842105263158,956.24756746722073,1.5105154154077451,class-0,0.46050615106255133,synthetic:battery-retention
battery-retention-048,family-09,1.0736842105263158,593.6714625771906,0.32893755889468862,class-0,0.90047310804791902,synthetic:battery-retention
battery-retention-049,family-09,1.0736842105263158,586.34126352921885,2.3497488793239203,class-0,0.47728725953251339,synthetic:battery-retention
battery-retention-050,family-10,1.1263157894736842,601.17381931214845,2.6107482334114152,class-1,0.41317505619193817,synthetic:battery-retention
battery-retention-051,family-10,1.1263157894736842,157.38519392388707,2.673524529069871,class-1,0.78902147838315617,synthetic:battery-retention
battery-retention-052,family-10,1.1263157894736842,564.44814224870117,1.3717681928813863,class-1,0.64658626410901887,synthetic:battery-retention
battery-retention-053,family-10,1.1263157894736842,567.53584512486782,1.0268738875177912,class-1,0.72021786929252785,synthetic:battery-retention
battery-retention-054,family-10,1.1263157894736842,585.17830307853183,2.9216587927198807,class-1,0.38181229228881469,synthetic:battery-retention
battery-retention-055,family-11,1.1789473684210527,193.09950513502355,1.2640631872967667,class-2,0.86598766221317114,synthetic:battery-retention
battery-retention-056,family-11,1.1789473684210527,712.52272282971262,1.7629762653921541,class-2,0.47688798609119132,synthetic:battery-retention
battery-retention-057,family-11,1.1789473684210527,79.320449111008813,2.944759008528008,class-2,0.87136961808535074,synthetic:battery-retention
battery-retention-058,family-11,1.1789473684210527,331.61628990655225,2.5853404038369954,class-2,0.60327631481405464,synthetic:battery-retention
battery-retention-059,family-11,1.1789473684210527,115.78691522481965,2.6959631499923886,class-2,0.83192874225370084,synthetic:battery-retention
battery-retention-060,family-12,1.2315789473684209,750.54840678869573,2.775109953596266,class-0,0.27731540159857171,synthetic:battery-retention
battery-retention-061,family-12,1.2315789473684209,506.5582672894505,2.190010217411904,class-0,0.50503022397993458,synthetic:battery-retention
battery-retention-062,family-12,1.2315789473684209,471.64502258948198,1.1151173958172058,class-0,0.7233456811163641,synthetic:battery-retention
battery-retention-063,family-12,1.2315789473684209,82.956438566262193,0.72817860199867379,class-0,0.96348529004955008,synthetic:battery-retention
battery-retention-064,family-12,1.2315789473684209,447.67542043104413,2.2882892947490587,class-0,0.53215449281855531,synthetic:battery-retention
battery-retention-065,family-13,1.2842105263157895,231.27596655424915,1.8045599641688825,class-1,0.76492040343329248,synthetic:battery-retention
battery-retention-066,family-13,1.2842105263157895,309.94596934531319,0.43451757765426602,class-1,0.91715683352713595,synthetic:battery-retention
battery-retention-067,family-13,1.2842105263157895,400.40452817989319,2.6226466449526811,class-1,0.50951941693547231,synthetic:battery-retention
battery-retention-068,family-13,1.2842105263157895,709.56434225699218,0.45796833817067106,class-1,0.81167339405379224,synthetic:battery-retention
battery-retention-069,family-13,1.2842105263157895,788.49950748413096,2.5652833141465643,class-1,0.27285844610990112,synthetic:battery-retention
battery-retention-070,family-14,1.3368421052631578,363.26773431591556,2.4389739259987193,class-2,0.55309726417923066,synthetic:battery-retention
battery-retention-071,family-14,1.3368421052631578,673.42855295270886,2.941135219752415,class-2,0.26609432223592144,synthetic:battery-retention
battery-retention-072,family-14,1.3368421052631578,515.12088876235714,0.9723881478633507,class-2,0.71547372820617638,synthetic:battery-retention
battery-retention-073,family-14,1.3368421052631578,674.4338081222736,0.27392286286334139,class-2,0.88383401194655631,synthetic:battery-retention
battery-retention-074,family-14,1.3368421052631578,337.02875064220763,1.6478256663534385,class-2,0.68989393703871671,synthetic:battery-retention
battery-retention-075,family-15,1.3894736842105262,899.43536533437646,2.8134512886704672,class-0,0.17238174777126183,synthetic:battery-retention
battery-retention-076,family-15,1.3894736842105262,666.16409026247516,2.8509710620108191,class-0,0.26728111355274153,synthetic:battery-retention
battery-retention-077,family-15,1.3894736842105262,199.87937308275528,1.1910249275271931,class-0,0.84756311816130625,synthetic:battery-retention
battery-retention-078,family-15,1.3894736842105262,579.40693991370415,1.2968405083276737,class-0,0.59331836929622817,synthetic:battery-retention
battery-retention-079,family-15,1.3894736842105262,751.90885207429869,2.8928552022792324,class-0,0.22065250832251163,synthetic:battery-retention
battery-retention-080,family-16,1.4421052631578948,782.12607508882559,2.4934772663248777,class-1,0.24507116542232701,synthetic:battery-retention
battery-retention-081,family-16,1.4421052631578948,443.35424769939652,2.8283166749615134,class-1,0.40488135079678833,synthetic:battery-retention
battery-retention-082,family-16,1.4421052631578948,285.52955793779415,2.4639948737859454,class-1,0.60212404730279456,synthetic:battery-retention
battery-retention-083,family-16,1.4421052631578948,619.8638423635515,1.628377867565443,class-1,0.48296516893511471,synthetic:battery-retention
battery-retention-084,family-16,1.4421052631578948,732.60232589461123,0.58687458998860631,class-1,0.73343707606598774,synthetic:battery-retention
battery-retention-085,family-17,1.4947368421052629,512.16279501523013,1.6641140279477578,class-2,0.52888721118697435,synthetic:battery-retention
battery-retention-086,family-17,1.4947368421052629,192.76176456852662,0.45230169743416759,class-2,0.93691715397775044,synthetic:battery-retention
battery-retention-087,family-17,1.4947368421052629,618.15120638777717,2.3932185716863952,class-2,0.33100058739874477,synthetic:battery-retention
battery-retention-088,family-17,1.4947368421052629,762.74854735038025,2.1840660394377642,class-2,0.2879305511680772,synthetic:battery-retention
battery-retention-089,family-17,1.4947368421052629,915.864313618643,1.8281754018312408,class-2,0.28611420060463233,synthetic:battery-retention
battery-retention-090,family-18,1.5473684210526315,994.5043433430526,1.199722911324929,class-0,0.39728333275925248,synthetic:battery-retention
battery-retention-091,family-18,1.5473684210526315,374.59645707214082,2.2331267318364456,class-0,0.52350778930415365,synthetic:battery-retention
battery-retention-092,family-18,1.5473684210526315,807.53915909252271,1.422777700138468,class-0,0.41109807249877772,synthetic:battery-retention
battery-retention-093,family-18,1.5473684210526315,692.64074028841424,1.4477976522990388,class-0,0.46031081139121821,synthetic:battery-retention
battery-retention-094,family-18,1.5473684210526315,973.20709722824051,1.9156818562164839,class-0,0.2363545751476909,synthetic:battery-retention
battery-retention-095,family-19,1.6000000000000001,513.68019496018792,1.9097805166246224,class-1,0.45620493914133103,synthetic:battery-retention
battery-retention-096,family-19,1.6000000000000001,862.03509299903294,0.80983341889644134,class-1,0.57207575288486467,synthetic:battery-retention
battery-retention-097,family-19,1.6000000000000001,509.00586583137095,2.2610112894815324,class-1,0.39824240263584681,synthetic:battery-retention
battery-retention-098,family-19,1.6000000000000001,295.37022114007516,0.71362854365729889,class-1,0.84482337545667174,synthetic:battery-retention
battery-retention-099,family-19,1.6000000000000001,960.77878738208426,2.4275796362608024,class-1,0.15475785408017945,synthetic:battery-retention
