row_id,group_id,family_parameter,viscosity,pressure_gradient,class,flow,source_id
pipe-flow-000,family-00,0.59999999999999998,0.013322182468604896,1136.9616801511688,class-0,4.3434551070843485e-09,synthetic:pipe-flow
pipe-flow-001,family-00,0.59999999999999998,0.010076082817115417,6096.5484406291271,class-0,3.0793367688977497e-08,synthetic:pipe-flow
pipe-flow-002,family-00,0.59999999999999998,0.010552010256465683,1798.8499435218157,class-0,8.6761014070333715e-09,synthetic:pipe-flow
pipe-flow-003,family-00,0.59999999999999998,0.014960893822007749,6654.2407973154704,class-0,2.2636321792997316e-08,synthetic:pipe-flow
pipe-flow-004,family-00,0.59999999999999998,0.010332292307938216,5467.1398101743844,class-0,2.6929505784467628e-08,synthetic:pipe-flow
pipe-flow-005,family-01,0.65263157894736845,0.0024541262628201992,1539.6451464740007,class-1,4.4694692816308738e-08,synthetic:pipe-flow
pipe-flow-006,family-01,0.65263157894736845,0.0088964647943353715,9432.4771026832877,class-1,7.5533658025969326e-08,synthetic:pipe-flow
pipe-flow-007,family-01,0.65263157894736845,0.01980196662878245,1120.2265778846149,class-1,4.0302294346189188e-09,synthetic:pipe-flow
pipe-flow-008,family-01,0.65263157894736845,0.0041769291837423592,7783.3279950550432,class-1,1.3275180738751769e-07,synthetic:pipe-flow
pipe-flow-009,family-01,0.65263157894736845,0.016514977084253698,5837.8471897322488,class-1,2.5182971264895355e-08,synthetic:pipe-flow
pipe-flow-010,family-02,0.70526315789473681,0.005357706531421003,8230.3647376690205,class-2,1.4924673388268374e-07,synthetic:pipe-flow
pipe-flow-011,family-02,0.70526315789473681,0.005198666495242474,112.12359258922507,class-2,2.0954134274890044e-09,synthetic:pipe-flow
pipe-flow-012,family-02,0.70526315789473681,0.00178890181640837,2172.0290806403113,class-2,1.1796245595670261e-07,synthetic:pipe-flow
pipe-flow-013,family-02,0.70526315789473681,0.0030380000463373275,6555.6311929094991,class-2,2.0964833238236696e-07,synthetic:pipe-flow
pipe-flow-014,family-02,0.70526315789473681,0.014553476712841403,5589.0660963916553,class-2,3.7311023764820644e-08,synthetic:pipe-flow
pipe-flow-015,family-03,0.75789473684210518,0.019568958498124539,8122.942012394863,class-0,5.3782513017425697e-08,synthetic:pipe-flow
pipe-flow-016,family-03,0.75789473684210518,0.0063196791100221372,8677.3450195586465,class-0,1.7790464566362928e-07,synthetic:pipe-flow
pipe-flow-017,family-03,0.75789473684210518,0.0069820425174442627,2029.8831927769322,class-0,3.7668992859309679e-08,synthetic:pipe-flow
pipe-flow-018,family-03,0.75789473684210518,0.0029114891284985124,9466.4248328711401,class-0,4.2127556357145355e-07,synthetic:pipe-flow
pipe-flow-019,family-03,0.75789473684210518,0.018485182189663215,3212.451619005788,class-0,2.2516885046306e-08,synthetic:pipe-flow
pipe-flow-020,family-04,0.81052631578947365,0.0064972404381699938,6736.8296086228211,class-1,1.7573367436945988e-07,synthetic:pipe-flow
pipe-flow-021,family-04,0.81052631578947365,0.018606734074697276,1942.3711179032719,class-1,1.7692549777256143e-08,synthetic:pipe-flow
pipe-flow-022,family-04,0.81052631578947365,0.010964937728493537,181.00676677991868,class-1,2.7978021948066701e-09,synthetic:pipe-flow
pipe-flow-023,family-04,0.81052631578947365,0.0055909591648232466,1130.2430679336292,class-1,3.4262093587837086e-08,synthetic:pipe-flow
pipe-flow-024,family-04,0.81052631578947365,0.014719962708137767,2647.4946366501545,class-1,3.0482932504130671e-08,synthetic:pipe-flow
pipe-flow-025,family-05,0.86315789473684212,0.017848572862012378,6560.1213841903718,class-2,8.0117843852387998e-08,synthetic:pipe-flow
pipe-flow-026,family-05,0.86315789473684212,0.017773598528360076,5770.1539752794351,class-2,7.0767346308623772e-08,synthetic:pipe-flow
pipe-flow-027,family-05,0.86315789473684212,0.0030736696513707332,3353.4812503935605,class-2,2.3782612925644202e-07,synthetic:pipe-flow
pipe-flow-028,family-05,0.86315789473684212,0.0065387263811847963,4924.4309968015868,class-2,1.6416620775606436e-07,synthetic:pipe-flow
pipe-flow-029,family-05,0.86315789473684212,0.011947838093848195,1095.7040143823556,class-2,1.9990552533535915e-08,synthetic:pipe-flow
pipe-flow-030,family-06,0.91578947368421049,0.0034360180421719342,6966.360548439694,class-0,5.6000639609287849e-07,synthetic:pipe-flow
pipe-flow-031,family-06,0.91578947368421049,0.0095711399695233776,4657.4582745769085,class-0,1.344088237207949e-07,synthetic:pipe-flow
pipe-flow-032,family-06,0.91578947368421049,0.003770543635326138,5277.6843332771396,class-0,3.8661786189383292e-07,synthetic:pipe-flow
pipe-flow-033,family-06,0.91578947368421049,0.0020532260101520919,2799.3979853800456,class-0,3.7659137003096854e-07,synthetic:pipe-flow
pipe-flow-034,family-06,0.91578947368421049,0.0074265482640627671,8535.7921284220993,class-0,3.1746751856480834e-07,synthetic:pipe-flow
pipe-flow-035,family-07,0.96842105263157885,0.012291047930232304,1270.385450842196,class-1,3.5699601887853593e-08,synthetic:pipe-flow
pipe-flow-036,family-07,0.96842105263157885,0.019939253698583886,4340.1921610625222,class-1,7.5182512121819546e-08,synthetic:pipe-flow
pipe-flow-037,family-07,0.96842105263157885,0.009249164093882347,7762.4173461281871,class-1,2.8987534481207981e-07,synthetic:pipe-flow
pipe-flow-038,family-07,0.96842105263157885,0.004453111499452397,9200.1674890162958,class-1,7.1359030059676531e-07,synthetic:pipe-flow
pipe-flow-039,family-07,0.96842105263157885,0.0036031076541252023,694.43460547131826,class-1,6.6568824862107568e-08,synthetic:pipe-flow
pipe-flow-040,family-08,1.0210526315789474,0.013523926973902558,9498.9526419296089,class-2,2.9979563623748609e-07,synthetic:pipe-flow
pipe-flow-041,family-08,1.0210526315789474,0.0044565381729511633,5248.2022008317817,class-2,5.0264958667185663e-07,synthetic:pipe-flow
pipe-flow-042,family-08,1.0210526315789474,0.0064445767558633273,5457.3360839558509,class-2,3.6144207031502032e-07,synthetic:pipe-flow
pipe-flow-043,family-08,1.0210526315789474,0.0098077304280735876,9302.2143984912145,class-2,4.0482770467358992e-07,synthetic:pipe-flow
pipe-flow-044,family-08,1.0210526315789474,0.0093662376134619335,9359.7782853391036,class-2,4.2653315157494139e-07,synthetic:pipe-flow
pipe-flow-045,family-09,1.0736842105263158,0.0076264318806238225,5862.7035501609871,class-0,4.0118315604857576e-07,synthetic:pipe-flow
pipe-flow-046,family-09,1.0736842105263158,0.005670579958992299,8457.1033783181047,class-0,7.7832380279792714e-07,synthetic:pipe-flow
pipe-flow-047,family-09,1.0736842105263158,0.013720939343743729,3870.5955262683724,class-0,1.4721772340371844e-07,synthetic:pipe-flow
pipe-flow-048,family-09,1.0736842105263158,0.010562133973648268,1797.8315616296009,class-0,8.8830780917135716e-08,synthetic:pipe-flow
pipe-flow-049,family-09,1.0736842105263158,0.0056330743287077347,5416.1456389455243,class-0,5.0177729238317876e-07,synthetic:pipe-flow
pipe-flow-050,family-10,1.1263157894736842,0.010048992698010156,318.64986541272094,class-1,2.0039726222671973e-08,synthetic:pipe-flow
pipe-flow-051,family-10,1.1263157894736842,0.0083773084469889007,9700.9237788505889,class-1,7.3182823538495007e-07,synthetic:pipe-flow
pipe-flow-052,family-10,1.1263157894736842,0.005435794655073406,7650.8411274598502,class-1,8.8950156553645082e-07,synthetic:pipe-flow
pipe-flow-053,family-10,1.1263157894736842,0.018043998298038315,253.30792801761771,class-1,8.8718988223918131e-09,synthetic:pipe-flow
pipe-flow-054,family-10,1.1263157894736842,0.0045381590081939732,9510.2907196414035,class-1,1.32438623941238e-06,synthetic:pipe-flow
pipe-flow-055,family-11,1.1789473684210527,0.017447893950323128,8491.3088760159681,class-2,3.6920636642504532e-07,synthetic:pipe-flow
pipe-flow-056,family-11,1.1789473684210527,0.010152000416910171,3559.3230933902555,class-2,2.6598266963989649e-07,synthetic:pipe-flow
pipe-flow-057,family-11,1.1789473684210527,0.011471653455023986,8804.6378787051399,class-2,5.8226815016978712e-07,synthetic:pipe-flow
pipe-flow-058,family-11,1.1789473684210527,0.019677608268590489,3179.060107674818,class-2,1.2256429852995443e-07,synthetic:pipe-flow
pipe-flow-059,family-11,1.1789473684210527,0.01756573678497278,5435.3725104849545,class-2,2.3474724175472169e-07,synthetic:pipe-flow
pipe-flow-060,family-12,1.2315789473684209,0.013119538978388474,6146.763220970367,class-0,4.2328884284595881e-07,synthetic:pipe-flow
pipe-flow-061,family-12,1.2315789473684209,0.0048045195461510152,5553.4170392975666,class-0,1.0442854702196411e-06,synthetic:pipe-flow
pipe-flow-062,family-12,1.2315789473684209,0.008639605303640923,5448.6760146956949,class-0,5.6977841674489897e-07,synthetic:pipe-flow
pipe-flow-063,family-12,1.2315789473684209,0.0091181488115977469,8865.4173107742026,class-0,8.7841838974122766e-07,synthetic:pipe-flow
pipe-flow-064,family-12,1.2315789473684209,0.003834681853681271,449.82432439490475,class-0,1.0597965699071451e-07,synthetic:pipe-flow
pipe-flow-065,family-13,1.2842105263157895,0.0045585356752954054,9311.6587731398195,class-1,2.1817575228235882e-06,synthetic:pipe-flow
pipe-flow-066,family-13,1.2842105263157895,0.018765046530136643,2437.2095311160228,class-1,1.3872285218328907e-07,synthetic:pipe-flow
pipe-flow-067,family-13,1.2842105263157895,0.0149292361429278,3941.8079365586864,class-1,2.8200879917883397e-07,synthetic:pipe-flow
pipe-flow-068,family-13,1.2842105263157895,0.0054580232067895067,8842.7995435770899,class-1,1.7304505350713039e-06,synthetic:pipe-flow
pipe-flow-069,family-13,1.2842105263157895,0.015060344173879629,4700.9565585654127,class-1,3.3339273224294515e-07,synthetic:pipe-flow
pipe-flow-070,family-14,1.3368421052631578,0.0059336476424992736,9758.7962127096671,class-2,2.062789177923005e-06,synthetic:pipe-flow
pipe-flow-071,family-14,1.3368421052631578,0.0049715817931973993,1777.9996118173801,class-2,4.4855677567879822e-07,synthetic:pipe-flow
pipe-flow-072,family-14,1.3368421052631578,0.0048850940228958549,9851.3487712407223,class-2,2.5293161453614782e-06,synthetic:pipe-flow
pipe-flow-073,family-14,1.3368421052631578,0.0014191776022714521,7007.9148319118312,class-2,6.1934468516996031e-06,synthetic:pipe-flow
pipe-flow-074,family-14,1.3368421052631578,0.01103033002971731,1408.8408743890518,class-2,1.6019678088272666e-07,synthetic:pipe-flow
pipe-flow-075,family-15,1.3894736842105262,0.01879559443296959,8401.5857625342724,class-0,6.5428413394294383e-07,synthetic:pipe-flow
pipe-flow-076,family-15,1.3894736842105262,0.017605056185524666,1965.6647655685749,class-0,1.6343054424460918e-07,synthetic:pipe-flow
pipe-flow-077,family-15,1.3894736842105262,0.01155939329469197,3835.2480665020075,class-0,4.8564576813319356e-07,synthetic:pipe-flow
pipe-flow-078,family-15,1.3894736842105262,0.018662165423713833,5025.9435613115784,class-0,3.9420012894930546e-07,synthetic:pipe-flow
pipe-flow-079,family-15,1.3894736842105262,0.0083027357880861852,9630.3994174638592,class-0,1.6977911724793817e-06,synthetic:pipe-flow
pipe-flow-080,family-16,1.4421052631578948,0.0094607960134411619,9894.2140685467348,class-1,1.7762388180311772e-06,synthetic:pipe-flow
pipe-flow-081,family-16,1.4421052631578948,0.017547996589125685,3932.8264497359141,class-1,3.806492459969875e-07,synthetic:pipe-flow
pipe-flow-082,family-16,1.4421052631578948,0.010576861418009568,7666.6170874458867,class-1,1.2311038567168641e-06,synthetic:pipe-flow
pipe-flow-083,family-16,1.4421052631578948,0.016565522204861339,3048.7430758987166,class-1,3.125816139231029e-07,synthetic:pipe-flow
pipe-flow-084,family-16,1.4421052631578948,0.0044548553705424081,2503.1456338753442,class-1,9.5433365995172742e-07,synthetic:pipe-flow
pipe-flow-085,family-17,1.4947368421052629,0.0052844754082501371,6707.0109314796437,class-2,2.4879747876784732e-06,synthetic:pipe-flow
pipe-flow-086,family-17,1.4947368421052629,0.010782510019138995,2047.8026565382024,class-2,3.7229488871162875e-07,synthetic:pipe-flow
pipe-flow-087,family-17,1.4947368421052629,0.0031783519207725583,1312.6151303947684,class-2,8.0956973781076677e-07,synthetic:pipe-flow
pipe-flow-088,family-17,1.4947368421052629,0.01325563976104949,1204.838378463827,class-2,1.7817507158036973e-07,synthetic:pipe-flow
pipe-flow-089,family-17,1.4947368421052629,0.017012706257388013,9549.6015964177877,class-2,1.1003496053616044e-06,synthetic:pipe-flow
pipe-flow-090,family-18,1.5473684210526315,0.016186752219038585,6836.1041608581836,class-0,9.5078814092817387e-07,synthetic:pipe-flow
pipe-flow-091,family-18,1.5473684210526315,0.0050070939383884483,3975.4032850428066,class-0,1.7874349952222907e-06,synthetic:pipe-flow
pipe-flow-092,family-18,1.5473684210526315,0.013160209784845882,3792.7843022225811,class-0,6.488288254985657e-07,synthetic:pipe-flow
pipe-flow-093,family-18,1.5473684210526315,0.018060558675544,3483.8946044600716,class-0,4.3427880217252954e-07,synthetic:pipe-flow
pipe-flow-094,family-18,1.5473684210526315,0.016855058841152536,8702.1583321832059,class-0,1.1623355245756518e-06,synthetic:pipe-flow
pipe-flow-095,family-19,1.6000000000000001,0.012585819297336064,320.96688402502366,class-1,6.5632440029374292e-08,synthetic:pipe-flow
pipe-flow-096,family-19,1.6000000000000001,0.0036838023401334161,6117.7735973949975,class-1,4.2740234214296289e-06,synthetic:pipe-flow
pipe-flow-097,family-19,1.6000000000000001,0.0066767062392878865,6331.8858637549101,class-1,2.4406787813776435e-06,synthetic:pipe-flow
pipe-flow-098,family-19,1.6000000000000001,0.0044712124119759122,8275.7646392393181,class-1,4.7634613422716892e-06,synthetic:pipe-flow
pipe-flow-099,family-19,1.6000000000000001,0.012798677113177011,973.87070188134055,class-1,1.9582856171115086e-07,synthetic:pipe-flow
