row_id,group_id,family_parameter,rate,temperature,class,life,source_id
battery-life-000,family-00,0.59999999999999998,2.8418910157095509,309.37124176932781,class-0,853.04885389722165,synthetic:battery-life
battery-life-001,family-00,0.59999999999999998,1.2063788933564048,319.048792917897,class-0,1948.5898108342421,synthetic:battery-life
battery-life-002,family-00,0.59999999999999998,2.3974551535159359,299.17694225036405,class-0,1045.6411165842842,synthetic:battery-life
battery-life-003,family-00,0.59999999999999998,1.8555789186423528,287.70800986839816,class-0,1404.8497568253958,synthetic:battery-life
battery-life-004,family-00,0.59999999999999998,1.0241199713513989,310.35829762856935,class-0,2359.6471576582403,synthetic:battery-life
battery-life-005,family-01,0.65263157894736845,2.7836319219841599,300.241741532015,class-1,825.01444166110832,synthetic:battery-life
battery-life-006,family-01,0.65263157894736845,2.6341283250999945,300.1727927873925,class-1,872.03953627590761,synthetic:battery-life
battery-life-007,family-01,0.65263157894736845,1.2195875936134639,284.39154921399967,class-1,1987.9925141196982,synthetic:battery-life
battery-life-008,family-01,0.65263157894736845,2.924895080972103,301.0452549724875,class-1,783.0731824669208,synthetic:battery-life
battery-life-009,family-01,0.65263157894736845,0.82866812605836748,282.59680580601548,class-1,2944.3982194039413,synthetic:battery-life
battery-life-010,family-02,0.70526315789473681,2.4553884301987421,325.09784608630986,class-2,799.33166781674959,synthetic:battery-life
battery-life-011,family-02,0.70526315789473681,2.1065094475863635,298.74249641721826,class-2,1013.9134852302424,synthetic:battery-life
battery-life-012,family-02,0.70526315789473681,1.5189694594319598,315.76589897622841,class-2,1330.2922091820569,synthetic:battery-life
battery-life-013,family-02,0.70526315789473681,0.28625531754282713,309.41649298179141,class-2,7203.8439077154853,synthetic:battery-life
battery-life-014,family-02,0.70526315789473681,2.7054349686318315,302.00721913324469,class-2,780.92062438798837,synthetic:battery-life
battery-life-015,family-03,0.75789473684210518,1.8061710666810893,296.92256493891051,class-0,1107.1374415952582,synthetic:battery-life
battery-life-016,family-03,0.75789473684210518,1.2928631214288964,281.59704702273535,class-0,1630.8836501605274,synthetic:battery-life
battery-life-017,family-03,0.75789473684210518,1.1931013042017284,312.72966607563137,class-0,1591.3189006300126,synthetic:battery-life
battery-life-018,family-03,0.75789473684210518,2.0255244544891342,284.97272894263864,class-0,1028.6386311591284,synthetic:battery-life
battery-life-019,family-03,0.75789473684210518,1.1716795889154925,291.74010455811145,class-0,1736.9952224870287,synthetic:battery-life
battery-life-020,family-04,0.81052631578947365,1.6212237428176759,327.94540585129164,class-1,1044.2413518539806,synthetic:battery-life
battery-life-021,family-04,0.81052631578947365,1.2386199675888709,298.79190092652408,class-1,1500.1631584088657,synthetic:battery-life
battery-life-022,family-04,0.81052631578947365,0.35456799105218839,298.12480907878444,class-1,5252.278531510402,synthetic:battery-life
battery-life-023,family-04,0.81052631578947365,0.90114576092316101,314.49452203716652,class-1,1959.0127593902639,synthetic:battery-life
battery-life-024,family-04,0.81052631578947365,2.55469650698199,293.48736808325589,class-1,740.48568309070538,synthetic:battery-life
battery-life-025,family-05,0.86315789473684212,2.4908323609509591,298.40948647341685,class-2,701.39899931212005,synthetic:battery-life
battery-life-026,family-05,0.86315789473684212,2.068511193460433,295.37388674829009,class-2,853.2814287155785,synthetic:battery-life
battery-life-027,family-05,0.86315789473684212,1.5176452550746349,314.76620266557507,class-2,1091.3496248541915,synthetic:battery-life
battery-life-028,family-05,0.86315789473684212,2.9155645796038052,283.86415855477748,class-2,629.92528393589544,synthetic:battery-life
battery-life-029,family-05,0.86315789473684212,2.552730111142882,299.04547659005152,class-2,682.9361908333118,synthetic:battery-life
battery-life-030,family-06,0.91578947368421049,0.88618889150995606,329.86315210038708,class-0,1680.9576035310758,synthetic:battery-life
battery-life-031,family-06,0.91578947368421049,1.7891318502841695,312.04759040243584,class-0,880.14390526481861,synthetic:battery-life
battery-life-032,family-06,0.91578947368421049,2.8766634923477317,303.75751253262445,class-0,562.34233124060245,synthetic:battery-life
battery-life-033,family-06,0.91578947368421049,2.3997291808622729,294.45978219665813,class-0,695.39033030258531,synthetic:battery-life
battery-life-034,family-06,0.91578947368421049,1.2341807832492924,281.1338053120196,class-0,1416.2013870459068,synthetic:battery-life
battery-life-035,family-07,0.96842105263157885,1.5157862646357583,325.47468612105041,class-1,941.87464831667626,synthetic:battery-life
battery-life-036,family-07,0.96842105263157885,1.6499151163975767,326.04013967419746,class-1,863.80481325187111,synthetic:battery-life
battery-life-037,family-07,0.96842105263157885,2.7253015247471177,328.92578129758601,class-1,518.36517579776125,synthetic:battery-life
battery-life-038,family-07,0.96842105263157885,2.2000275277193193,303.97392087703992,class-1,694.83846373890799,synthetic:battery-life
battery-life-039,family-07,0.96842105263157885,1.314786185837556,309.66458436667853,class-1,1141.3047385211048,synthetic:battery-life
battery-life-040,family-08,1.0210526315789474,1.4937157790725397,294.44986012312626,class-2,1002.0400124877302,synthetic:battery-life
battery-life-041,family-08,1.0210526315789474,0.45846745699897201,321.41989336454998,class-2,2990.7707060551143,synthetic:battery-life
battery-life-042,family-08,1.0210526315789474,1.5776978818490863,309.13273109721848,class-2,903.64021776523111,synthetic:battery-life
battery-life-043,family-08,1.0210526315789474,0.84126261868647667,294.83363194355923,class-2,1776.8704741418858,synthetic:battery-life
battery-life-044,family-08,1.0210526315789474,0.46076967827481841,294.75295665546145,class-2,3245.0569482930805,synthetic:battery-life
battery-life-045,family-09,1.0736842105263158,0.4555750964612485,297.81147651212763,class-0,3089.1183105388918,synthetic:battery-life
battery-life-046,family-09,1.0736842105263158,0.80431128667603247,313.53477130282334,class-0,1661.9810694801454,synthetic:battery-life
battery-life-047,family-09,1.0736842105263158,2.1575538947266684,318.47849676269601,class-0,609.94992130780645,synthetic:battery-life
battery-life-048,family-09,1.0736842105263158,0.70171302977839134,285.18651450793124,class-0,2094.3411269125027,synthetic:battery-life
battery-life-049,family-09,1.0736842105263158,1.7914840432517283,326.44428580964131,class-0,716.66126542578354,synthetic:battery-life
battery-life-050,family-10,1.1263157894736842,1.8873333643077284,317.65649826652538,class-1,666.41686598413924,synthetic:battery-life
battery-life-051,family-10,1.1263157894736842,2.9055431950138568,320.24380418896237,class-1,429.38242956313383,synthetic:battery-life
battery-life-052,family-10,1.1263157894736842,1.4829595747523943,289.8767591591444,class-1,929.41490240946325,synthetic:battery-life
battery-life-053,family-10,1.1263157894736842,2.3686764713213839,287.14369431232842,class-1,587.41808302049765,synthetic:battery-life
battery-life-054,family-10,1.1263157894736842,0.29770409784051283,316.71064161793021,class-1,4237.4527890009067,synthetic:battery-life
battery-life-055,family-11,1.1789473684210527,2.0048985323087063,326.94825317981531,class-2,582.2998485088176,synthetic:battery-life
battery-life-056,family-11,1.1789473684210527,2.944849321988483,297.33646829478187,class-2,435.92004470122168,synthetic:battery-life
battery-life-057,family-11,1.1789473684210527,0.33267182580942911,284.99997612513681,class-2,4025.8468634095834,synthetic:battery-life
battery-life-058,family-11,1.1789473684210527,2.7414194997838339,296.32744144138354,class-2,469.86243773306319,synthetic:battery-life
battery-life-059,family-11,1.1789473684210527,0.63617942144632056,321.88728477631315,class-2,1863.9517156744853,synthetic:battery-life
battery-life-060,family-12,1.2315789473684209,2.0906963821358668,321.18755671836277,class-0,544.12737764740291,synthetic:battery-life
battery-life-061,family-12,1.2315789473684209,0.27077817949840016,291.71773903368745,class-0,4625.6604976108511,synthetic:battery-life
battery-life-062,family-12,1.2315789473684209,0.37210365620417452,287.74476158525812,class-0,3412.5489839769643,synthetic:battery-life
battery-life-063,family-12,1.2315789473684209,0.57715063732880689,304.77433112493691,class-0,2077.22093503115,synthetic:battery-life
battery-life-064,family-12,1.2315789473684209,2.7237042831446749,296.02669192536848,class-0,453.16820510393273,synthetic:battery-life
battery-life-065,family-13,1.2842105263157895,2.3920890283962226,322.53305907719187,class-1,454.17655687613251,synthetic:battery-life
battery-life-066,family-13,1.2842105263157895,2.0530073623744305,303.24876074131436,class-1,562.84232300549468,synthetic:battery-life
battery-life-067,family-13,1.2842105263157895,2.0184791578418873,291.33839791885322,class-1,595.87380134004331,synthetic:battery-life
battery-life-068,family-13,1.2842105263157895,1.0225306496586926,301.52363876084263,class-1,1136.5239402555658,synthetic:battery-life
battery-life-069,family-13,1.2842105263157895,1.6786948038566585,291.13066100860078,class-1,716.99577380647281,synthetic:battery-life
battery-life-070,family-14,1.3368421052631578,1.5492318975216526,315.19466663845469,class-2,689.34575835555302,synthetic:battery-life
battery-life-071,family-14,1.3368421052631578,2.8631215669789771,328.60129722753641,class-2,357.7859945032007,synthetic:battery-life
battery-life-072,family-14,1.3368421052631578,1.4717714732660891,310.4221533506265,class-2,736.78251354153917,synthetic:battery-life
battery-life-073,family-14,1.3368421052631578,2.2913857264399491,291.87837104171615,class-2,503.30620062952693,synthetic:battery-life
battery-life-074,family-14,1.3368421052631578,1.2042286642180549,320.60281572649291,class-2,871.8787750204217,synthetic:battery-life
battery-life-075,family-15,1.3894736842105262,2.7911898625988156,298.24226499268832,class-0,389.0483876752225,synthetic:battery-life
battery-life-076,family-15,1.3894736842105262,2.5866424984807308,284.40766234942367,class-0,440.23491797519682,synthetic:battery-life
battery-life-077,family-15,1.3894736842105262,2.9772800258943013,287.6856414588575,class-0,378.1153579246153,synthetic:battery-life
battery-life-078,family-15,1.3894736842105262,0.83571936017137394,298.54407232674049,class-0,1298.055531453997,synthetic:battery-life
battery-life-079,family-15,1.3894736842105262,2.637078362074774,321.74283372962748,class-0,381.70712803525078,synthetic:battery-life
battery-life-080,family-16,1.4421052631578948,1.5355730031943253,291.33324140515521,class-1,697.5173951782325,synthetic:battery-life
battery-life-081,family-16,1.4421052631578948,1.6262699197622523,319.12405929614869,class-1,601.26147114106084,synthetic:battery-life
battery-life-082,family-16,1.4421052631578948,1.71703467173026,284.11814332022897,class-1,639.64280498629262,synthetic:battery-life
battery-life-083,family-16,1.4421052631578948,0.45715316639138331,321.98157622593482,class-1,2119.9362327535682,synthetic:battery-life
battery-life-084,family-16,1.4421052631578948,2.6670177398703601,315.74934292025137,class-1,370.55031945429096,synthetic:battery-life
battery-life-085,family-17,1.4947368421052629,1.8923060903401303,284.41347232761723,class-2,559.37908342323033,synthetic:battery-life
battery-life-086,family-17,1.4947368421052629,0.49485824807044471,282.1189105335115,class-2,2156.4270123304345,synthetic:battery-life
battery-life-087,family-17,1.4947368421052629,2.2693598545936751,292.57335659146725,class-2,453.42935467206178,synthetic:battery-life
battery-life-088,family-17,1.4947368421052629,0.51761823019486874,288.96135350325318,class-2,2012.7899174336972,synthetic:battery-life
battery-life-089,family-17,1.4947368421052629,1.2674951142625068,312.3685015424598,class-2,760.38623515675954,synthetic:battery-life
battery-life-090,family-18,1.5473684210526315,2.0746746095144433,303.55196660291983,class-0,461.78066147685331,synthetic:battery-life
battery-life-091,family-18,1.5473684210526315,1.5027345603161424,308.65294310218292,class-0,626.99790152217724,synthetic:battery-life
battery-life-092,family-18,1.5473684210526315,0.38191477408054059,294.259249808547,class-0,2587.7493122361643,synthetic:battery-life
battery-life-093,family-18,1.5473684210526315,1.9423334581260308,328.91838218902689,class-0,455.20481534887654,synthetic:battery-life
battery-life-094,family-18,1.5473684210526315,1.2268379338618356,285.10622785026374,class-0,831.42845587147985,synthetic:battery-life
battery-life-095,family-19,1.6000000000000001,1.2677490401225788,313.14690932563695,class-1,708.45310985765809,synthetic:battery-life
battery-life-096,family-19,1.6000000000000001,0.65626463637258636,306.57586099860976,class-1,1397.8982850810498,synthetic:battery-life
battery-life-097,family-19,1.6000000000000001,0.71495442754007743,329.49375163347253,class-1,1193.89734905356,synthetic:battery-life
battery-life-098,family-19,1.6000000000000001,2.9806492136416205,327.74278620941811,class-1,287.90454563264552,synthetic:battery-life
battery-life-099,family-19,1.6000000000000001,1.892447232762724,303.98124863493484,class-1,488.902161864535,synthetic:battery-life
