row_id,partition,prediction
uci165-0003,test,48.063158025446846
uci165-0004,test,48.215152205258185
uci165-0006,test,47.001691503904361
uci165-0009,test,37.922290220520956
uci165-0010,validation,41.049585403450571
uci165-0013,validation,43.935661957636569
uci165-0016,validation,41.509377757435253
uci165-0017,test,32.939881948798401
uci165-0020,validation,43.325210709027239
uci165-0021,validation,43.81973082000524
uci165-0022,test,24.472024702980299
uci165-0023,test,7.1441184756949996
uci165-0024,test,33.297283423163293
uci165-0025,validation,42.093553289093805
uci165-0026,validation,42.093553289093805
uci165-0029,validation,41.622469747811245
uci165-0030,validation,35.134067055139951
uci165-0032,test,51.070634115566691
uci165-0034,validation,43.405086043976574
uci165-0038,test,46.084030267490853
uci165-0039,validation,43.303568976688574
uci165-0042,validation,43.985830069999231
uci165-0044,validation,41.89365879839648
uci165-0045,validation,43.662715071573238
uci165-0046,validation,33.968338908624922
uci165-0051,test,46.683703873509614
uci165-0055,test,10.27826500626076
uci165-0057,validation,43.405086043976574
uci165-0060,test,46.985799293190382
uci165-0062,test,50.671925953466427
uci165-0065,test,48.48500065182747
uci165-0067,test,33.338693926286624
uci165-0068,test,28.094669026113522
uci165-0073,validation,34.371955694262958
uci165-0078,validation,34.371955694262958
uci165-0080,validation,32.872351205568719
uci165-0081,validation,34.371955694262958
uci165-0082,test,23.238087941082323
uci165-0083,validation,33.512699988541549
uci165-0085,test,24.897063299626733
uci165-0088,validation,22.757289814276202
uci165-0093,test,23.622082439083123
uci165-0096,validation,46.901185764275453
uci165-0101,validation,46.901185764275453
uci165-0103,validation,46.506681993994889
uci165-0104,validation,46.901185764275453
uci165-0105,test,25.359282524313262
uci165-0106,validation,43.363327196799183
uci165-0108,test,26.596396315028013
uci165-0111,validation,23.659954469289879
uci165-0116,test,25.88111104774336
uci165-0119,validation,58.348908490879552
uci165-0124,validation,58.348908490879552
uci165-0126,validation,60.672338250381451
uci165-0127,validation,58.348908490879552
uci165-0128,test,59.624803266719354
uci165-0129,validation,55.390195165209818
uci165-0131,test,56.163888902087635
uci165-0134,validation,51.418592411735723
uci165-0139,test,58.90037698955507
uci165-0142,validation,61.03467018239062
uci165-0147,validation,61.03467018239062
uci165-0149,validation,62.259521031430829
uci165-0150,validation,61.03467018239062
uci165-0151,test,59.159094174428375
uci165-0152,validation,60.489786006542744
uci165-0154,test,59.070801847812078
uci165-0157,validation,56.048570642943623
uci165-0162,test,59.875440646521909
uci165-0165,validation,61.570554756141064
uci165-0170,validation,61.570554756141064
uci165-0172,validation,62.601094031481288
uci165-0173,validation,61.570554756141064
uci165-0174,test,59.059118354129922
uci165-0175,validation,60.712716579876059
uci165-0179,validation,56.336384163735829
uci165-0184,test,60.390916269697492
uci165-0195,validation,12.562221874157045
uci165-0196,validation,26.232023412025516
uci165-0197,validation,32.589655654178962
uci165-0198,validation,42.944418301710058
uci165-0199,validation,43.839629671925287
uci165-0200,test,11.730343323306904
uci165-0201,test,28.821484715188003
uci165-0202,test,34.296276198350377
uci165-0203,test,44.3108494996197
uci165-0204,test,46.179733049331951
uci165-0205,test,14.05528957224687
uci165-0206,test,25.437358474635143
uci165-0207,test,28.87857449353076
uci165-0208,test,35.508555156557371
uci165-0209,test,38.783640603568159
uci165-0215,test,12.171936744859046
uci165-0216,test,29.68387505787182
uci165-0217,test,35.095294585701325
uci165-0218,test,45.387207720128892
uci165-0219,test,47.806101979766346
uci165-0225,test,13.158715682531474
uci165-0226,test,30.47405936981183
uci165-0227,test,36.399060491940674
uci165-0228,test,44.362286313434694
uci165-0229,test,45.702509773480067
uci165-0235,test,15.830685593656289
uci165-0236,test,32.625730028936694
uci165-0237,test,38.783509083288422
uci165-0238,test,47.3133334223185
uci165-0239,test,49.362186410733017
uci165-0260,test,15.913462194353999
uci165-0261,test,28.791080777103335
uci165-0262,test,33.769141574319043
uci165-0263,test,44.128091245440501
uci165-0264,test,45.934391003901595
uci165-0275,test,13.402254685318754
uci165-0276,test,25.497128393934769
uci165-0277,test,29.473733082379621
uci165-0278,test,36.859160319383406
uci165-0279,test,40.865649212340159
uci165-0285,test,12.983453427826237
uci165-0286,test,28.1964606033461
uci165-0287,test,34.9574308881881
uci165-0288,test,45.239881719651123
uci165-0289,test,46.671308917212919
uci165-0305,test,20.339117643938092
uci165-0306,test,34.827991257691146
uci165-0307,test,37.01777028407799
uci165-0308,test,48.033959844085402
uci165-0309,test,50.871747190089224
uci165-0330,validation,19.997308111172543
uci165-0331,validation,33.992261966961621
uci165-0332,validation,38.991627982979715
uci165-0333,validation,47.623952653260794
uci165-0334,validation,49.721546144709521
uci165-0335,validation,19.319174230588704
uci165-0336,validation,32.951438994765269
uci165-0337,validation,35.861711773452193
uci165-0338,validation,47.615809695464293
uci165-0339,validation,49.939898624763039
uci165-0340,test,20.002260446082836
uci165-0341,test,31.832302088100427
uci165-0342,test,34.164004795901995
uci165-0343,test,48.035251270937643
uci165-0344,test,50.188334064463021
uci165-0350,test,17.357000481083812
uci165-0351,test,33.621131186835719
uci165-0352,test,40.443071768693336
uci165-0353,test,48.606392505057642
uci165-0354,test,50.430017126429057
uci165-0355,validation,20.393885168617928
uci165-0356,validation,38.990748827204001
uci165-0357,validation,43.645864975814
uci165-0358,validation,55.140402393499052
uci165-0359,validation,56.849245354124051
uci165-0370,validation,17.60064127185008
uci165-0371,validation,31.231974103691627
uci165-0372,validation,36.752537715153323
uci165-0373,validation,46.425153262742384
uci165-0374,validation,49.511748119244764
uci165-0380,validation,60.395629557718721
uci165-0381,test,64.467859541520198
uci165-0382,validation,44.214254344324303
uci165-0383,test,42.884008006954581
uci165-0391,test,43.827106522347442
uci165-0394,test,44.602718458065674
uci165-0395,validation,59.349939483188955
uci165-0398,test,23.071140890030719
uci165-0399,validation,28.876640507878744
uci165-0400,validation,34.340159096745332
uci165-0402,validation,63.355131694186433
uci165-0403,validation,47.014609047850371
uci165-0405,validation,54.213239326500016
uci165-0406,validation,64.609393437034981
uci165-0409,validation,11.990538317932492
uci165-0411,validation,13.176824802502358
uci165-0412,test,14.056911909281109
uci165-0415,validation,12.026898573499045
uci165-0419,validation,13.563854997696643
uci165-0422,validation,28.986363543413731
uci165-0424,validation,28.282017089206683
uci165-0425,test,30.120465805732206
uci165-0428,validation,29.673393298981814
uci165-0432,validation,25.188802360219047
uci165-0435,validation,32.94368532277263
uci165-0437,validation,32.542285566753058
uci165-0438,test,36.646307701835148
uci165-0441,validation,35.48990583216132
uci165-0445,validation,28.123544592899339
uci165-0448,validation,45.057236673584072
uci165-0450,validation,40.907759987719082
uci165-0451,test,46.4102599189535
uci165-0454,validation,45.730046213748892
uci165-0458,validation,34.232186383586388
uci165-0461,validation,46.685324161254321
uci165-0463,validation,42.922345293878543
uci165-0464,test,48.386132283177766
uci165-0467,validation,48.023817816286346
uci165-0471,validation,37.682136077056953
uci165-0487,validation,50.36622713523095
uci165-0490,validation,26.323171958658818
uci165-0493,validation,38.889318634175574
uci165-0496,validation,57.255544296803848
uci165-0498,test,52.618977383649799
uci165-0500,validation,42.60800969712318
uci165-0501,validation,43.940660166168506
uci165-0502,validation,29.828573941399885
uci165-0503,validation,34.976795478279932
uci165-0504,validation,42.617387949675177
uci165-0505,validation,29.901205641493217
uci165-0506,validation,35.032466068773267
uci165-0507,validation,43.867822427663839
uci165-0516,test,30.591273047715809
uci165-0517,test,13.401696994630282
uci165-0518,test,15.862610969972458
uci165-0519,test,36.763832352063822
uci165-0524,test,53.274103591113956
uci165-0525,test,53.274103591113956
uci165-0526,test,29.975894984198202
uci165-0527,test,29.975894984198202
uci165-0528,test,39.298825123161393
uci165-0529,test,39.298825123161393
uci165-0530,test,59.010491445678397
uci165-0531,test,59.010491445678397
uci165-0532,validation,41.279255719596577
uci165-0538,test,42.784998925032667
uci165-0539,test,33.820422566597955
uci165-0540,test,44.956094908358956
uci165-0541,test,28.743653742250103
uci165-0556,test,31.847460144086345
uci165-0561,validation,31.030200856558672
uci165-0562,test,48.826185782045421
uci165-0569,test,32.040284312833023
uci165-0570,validation,47.025869082903043
uci165-0573,validation,15.541785628309723
uci165-0574,test,50.423836203914398
uci165-0576,validation,18.031416749298668
uci165-0577,test,16.615283048724766
uci165-0582,test,14.991200727143429
uci165-0583,test,28.079738160675998
uci165-0587,validation,30.456586488414437
uci165-0590,test,33.397001286416454
uci165-0591,validation,12.410740270510821
uci165-0592,test,18.903596419975337
uci165-0594,test,12.750214219742467
uci165-0595,test,22.647196475394122
uci165-0597,test,13.037396919240512
uci165-0599,test,14.979711504331833
uci165-0600,test,18.539599754726048
uci165-0601,test,27.089778330952885
uci165-0602,test,30.337546519943512
uci165-0603,test,33.157706443457712
uci165-0604,test,33.26987680141486
uci165-0605,test,33.580902642569534
uci165-0606,test,10.509549993118284
uci165-0607,test,21.984949179505644
uci165-0608,test,23.570385216688269
uci165-0609,test,27.350590885386801
uci165-0612,validation,23.529318964554125
uci165-0613,validation,25.565186684807426
uci165-0614,validation,11.446162837610386
uci165-0615,validation,35.244106185336904
uci165-0616,validation,37.91853840950678
uci165-0617,validation,37.972239971456787
uci165-0618,validation,10.760582935151717
uci165-0619,validation,30.234920192476157
uci165-0620,validation,30.1519812365852
uci165-0621,validation,30.318355817328534
uci165-0622,test,34.28622260405146
uci165-0623,test,34.657778922198133
uci165-0624,test,13.00683309940073
uci165-0625,test,26.470005634953104
uci165-0626,test,33.569612276071446
uci165-0632,validation,16.110338224792642
uci165-0633,validation,29.15585892235837
uci165-0636,test,14.842702830889664
uci165-0637,test,24.982124180822094
uci165-0638,test,29.685692762820914
uci165-0639,test,47.413728372975527
uci165-0644,test,17.92170979059296
uci165-0645,test,33.629879964215803
uci165-0647,validation,45.955635447566301
uci165-0650,validation,13.475470215614116
uci165-0651,validation,30.571605400077818
uci165-0652,test,9.9849151761428008
uci165-0655,validation,25.967442102431136
uci165-0656,validation,34.453434988428242
uci165-0659,test,22.223235108403195
uci165-0665,validation,19.019724772366814
uci165-0667,validation,14.148998726031502
uci165-0668,validation,34.325673731300377
uci165-0670,validation,17.590009510943855
uci165-0671,test,44.275427899959148
uci165-0674,test,16.709910543498864
uci165-0676,test,36.655132978160125
uci165-0677,validation,15.687486566682765
uci165-0679,validation,37.830703068665414
uci165-0680,test,31.789076802062954
uci165-0683,test,27.383137788751913
uci165-0685,validation,42.583135963544144
uci165-0687,test,19.838633655874883
uci165-0691,validation,21.265803593553336
uci165-0692,test,13.385575620675338
uci165-0693,test,45.262107107092014
uci165-0697,test,12.828458697707903
uci165-0702,validation,45.288672422703414
uci165-0705,validation,16.364162085967028
uci165-0706,validation,7.0516081647237625
uci165-0711,validation,35.441953958320198
uci165-0712,test,47.72130447291044
uci165-0713,validation,17.354853034209381
uci165-0719,validation,10.745923608345526
uci165-0720,validation,43.069196064860407
uci165-0741,validation,16.999392360913717
uci165-0742,validation,42.784998925032667
uci165-0743,validation,44.956094908358956
uci165-0744,validation,48.826185782045421
uci165-0747,test,29.926610566661243
uci165-0748,test,29.926610566661243
uci165-0749,test,35.775846976895465
uci165-0750,test,37.720075183421471
uci165-0751,test,43.146651248761252
uci165-0764,validation,25.663718616519755
uci165-0765,validation,25.663718616519755
uci165-0766,validation,30.705084604767045
uci165-0767,validation,34.820062201586055
uci165-0768,validation,46.610142032029422
uci165-0773,validation,29.819301523361101
uci165-0774,validation,46.702892384607409
uci165-0775,test,30.456586488414437
uci165-0777,test,16.615283048724766
uci165-0778,test,33.397001286416454
uci165-0779,validation,15.990370878236293
uci165-0780,validation,25.674483848527721
uci165-0781,validation,18.040104146898667
uci165-0785,test,15.254009533546414
uci165-0796,validation,48.427472136945198
uci165-0797,test,44.481088642615283
uci165-0798,test,44.570010099667925
uci165-0799,test,44.606869256802575
uci165-0801,validation,12.718020861612468
uci165-0802,validation,19.589792812468666
uci165-0804,validation,24.381295193611447
uci165-0805,validation,43.029478988665531
uci165-0806,validation,45.342488536616372
uci165-0807,test,29.819301523361101
uci165-0808,test,53.149312369531373
uci165-0810,validation,19.589792812468666
uci165-0816,validation,32.745593866549235
uci165-0817,validation,37.917718075328132
uci165-0818,validation,40.611403706124804
uci165-0819,validation,46.356765336677327
uci165-0820,validation,48.253011299603251
uci165-0821,validation,48.444232838854532
uci165-0826,validation,54.234657220215375
uci165-0827,validation,28.743653742250103
uci165-0828,test,45.366452478847641
uci165-0829,test,61.193629572798564
uci165-0833,validation,21.026127582543218
uci165-0834,validation,32.930790551099541
uci165-0836,validation,16.601325674150946
uci165-0841,test,44.238251074965518
uci165-0843,test,15.155756256789525
uci165-0844,test,31.610217862971538
uci165-0847,test,55.985251908603807
uci165-0849,validation,35.859335937652766
uci165-0850,test,27.882430376988395
uci165-0851,validation,33.197658360103048
uci165-0852,validation,31.550746388283333
uci165-0854,validation,32.531152614197154
uci165-0856,test,59.490332267192862
uci165-0864,validation,42.678073909207853
uci165-0865,test,31.179733574217821
uci165-0866,validation,39.672495678126566
uci165-0867,test,31.898568693504963
uci165-0868,test,36.089526416928486
uci165-0869,test,44.183821114450438
uci165-0870,test,33.70582829011056
uci165-0874,test,35.362184014702287
uci165-0875,test,30.518040201158925
uci165-0884,validation,32.594365349822297
uci165-0889,validation,22.407228402897616
uci165-0891,validation,12.963195955355074
uci165-0892,test,15.641762964360954
uci165-0894,test,23.010288033760432
uci165-0895,test,30.2265669773269
uci165-0899,validation,37.682461931075387
uci165-0900,validation,13.515220608266098
uci165-0906,validation,13.319592595056763
uci165-0908,test,45.783037410221375
uci165-0910,test,25.125125049098678
uci165-0915,validation,42.833093224916091
uci165-0916,validation,27.84496266873629
uci165-0917,test,41.411170831591043
uci165-0918,validation,25.842101669411722
uci165-0929,test,26.526601204012714
uci165-0932,test,16.165650337009328
uci165-0937,test,35.362184014702287
uci165-0938,test,30.671337145872254
uci165-0940,test,31.172592840918806
uci165-0943,test,45.737451517050488
uci165-0946,validation,30.165070700411817
uci165-0948,validation,28.241360462424954
uci165-0953,test,35.069204107969242
uci165-0956,validation,32.052034834434778
uci165-0957,validation,23.010288033760432
uci165-0958,test,30.382231812449572
uci165-0959,validation,43.745352217553261
uci165-0961,validation,43.103793926760893
uci165-0964,test,31.657320105387534
uci165-0968,validation,23.162042284131807
uci165-0975,validation,14.441429325576664
uci165-0977,test,36.80362188741671
uci165-0979,test,27.658413560582293
uci165-0981,test,25.759202177813723
uci165-0984,test,29.564440988174191
uci165-0985,test,11.164428864466794
uci165-0986,validation,35.815727910356479
uci165-0992,test,41.748294887930705
uci165-0995,validation,41.394412263774093
uci165-1000,test,15.037107352511049
uci165-1001,validation,31.610217862971538
uci165-1002,validation,46.806031936636757
uci165-1007,validation,28.078994468780394
uci165-1009,test,31.57232813621
uci165-1011,test,32.014562146633814
uci165-1016,validation,50.70364674149495
uci165-1017,test,21.528552489348954
uci165-1019,validation,38.308249860945693
uci165-1024,validation,31.898568693504963
uci165-1028,validation,24.666751603889811
