row_id,group_id,family_parameter,pressure,temperature,class,uptake,source_id
adsorption-isotherm-000,family-00,0.59999999999999998,3.1337054949022454,288.94421663918928,class-0,2.3305416881735854,synthetic:adsorption-isotherm
adsorption-isotherm-001,family-00,0.59999999999999998,2.2509390440342156,331.20204975954528,class-0,1.8496624694951642,synthetic:adsorption-isotherm
adsorption-isotherm-002,family-00,0.59999999999999998,1.8282771836621086,311.83646456355359,class-0,1.8351104939047871,synthetic:adsorption-isotherm
adsorption-isotherm-003,family-00,0.59999999999999998,8.603184669478388,317.04714524075882,class-0,2.6265141769331182,synthetic:adsorption-isotherm
adsorption-isotherm-004,family-00,0.59999999999999998,8.5768494589198916,310.07288226279388,class-0,2.6481495553124335,synthetic:adsorption-isotherm
adsorption-isotherm-005,family-01,0.65263157894736845,1.0445887114689321,282.0311873294205,class-1,1.8213061534661144,synthetic:adsorption-isotherm
adsorption-isotherm-006,family-01,0.65263157894736845,2.8980074729710537,288.10211999144536,class-1,2.4957406632265222,synthetic:adsorption-isotherm
adsorption-isotherm-007,family-01,0.65263157894736845,6.6191016740714348,315.71812338298224,class-1,2.759810737407546,synthetic:adsorption-isotherm
adsorption-isotherm-008,family-01,0.65263157894736845,7.0159446786561208,308.96348610062864,class-1,2.8117181437596144,synthetic:adsorption-isotherm
adsorption-isotherm-009,family-01,0.65263157894736845,4.392413231164336,309.22040090553065,class-1,2.5956884082515752,synthetic:adsorption-isotherm
adsorption-isotherm-010,family-02,0.70526315789473681,4.8192519713840216,295.19825898849604,class-2,2.9361583034521024,synthetic:adsorption-isotherm
adsorption-isotherm-011,family-02,0.70526315789473681,7.4024316119708811,320.08152406686668,class-2,3.0132225921432489,synthetic:adsorption-isotherm
adsorption-isotherm-012,family-02,0.70526315789473681,4.395251318022912,310.90005441737998,class-2,2.795316291210546,synthetic:adsorption-isotherm
adsorption-isotherm-013,family-02,0.70526315789473681,9.5991296574074099,315.68770612660529,class-2,3.132483140298155,synthetic:adsorption-isotherm
adsorption-isotherm-014,family-02,0.70526315789473681,3.101495836632211,323.16575233171631,class-2,2.4855719642228942,synthetic:adsorption-isotherm
adsorption-isotherm-015,family-03,0.75789473684210518,1.1269581190559075,348.41105156226132,class-0,1.55181066582358,synthetic:adsorption-isotherm
adsorption-isotherm-016,family-03,0.75789473684210518,2.5398614890494753,330.19719349775767,class-0,2.4509411343877296,synthetic:adsorption-isotherm
adsorption-isotherm-017,family-03,0.75789473684210518,0.56815151688812815,323.40063815202433,class-0,1.1515109396231338,synthetic:adsorption-isotherm
adsorption-isotherm-018,family-03,0.75789473684210518,9.2219399952380048,328.93724861935129,class-0,3.2989877070027704,synthetic:adsorption-isotherm
adsorption-isotherm-019,family-03,0.75789473684210518,6.4919077450810319,298.76186324331735,class-0,3.2799023867758708,synthetic:adsorption-isotherm
adsorption-isotherm-020,family-04,0.81052631578947365,1.9711545533753474,333.00877764269393,class-1,2.353551598191157,synthetic:adsorption-isotherm
adsorption-isotherm-021,family-04,0.81052631578947365,0.37717787951700438,297.73360602269935,class-1,1.1123456134739489,synthetic:adsorption-isotherm
adsorption-isotherm-022,family-04,0.81052631578947365,8.4699064272011757,326.82033586525631,class-1,3.4975006417569454,synthetic:adsorption-isotherm
adsorption-isotherm-023,family-04,0.81052631578947365,3.7169441385588748,295.55297346338091,class-1,3.2121264390145887,synthetic:adsorption-isotherm
adsorption-isotherm-024,family-04,0.81052631578947365,2.1010200641593451,336.24527052028219,class-1,2.3878876185919466,synthetic:adsorption-isotherm
adsorption-isotherm-025,family-05,0.86315789473684212,4.0717122578295051,304.45055269341498,class-2,3.415216199572884,synthetic:adsorption-isotherm
adsorption-isotherm-026,family-05,0.86315789473684212,1.6371344980846696,344.07630171688527,class-2,2.2049022761293169,synthetic:adsorption-isotherm
adsorption-isotherm-027,family-05,0.86315789473684212,0.72447543479230103,335.86300444007605,class-2,1.4314503072024678,synthetic:adsorption-isotherm
adsorption-isotherm-028,family-05,0.86315789473684212,0.22777890443276136,345.8226160711298,class-2,0.5406461357326392,synthetic:adsorption-isotherm
adsorption-isotherm-029,family-05,0.86315789473684212,0.095376913400993524,333.60340447338115,class-2,0.26973636236798465,synthetic:adsorption-isotherm
adsorption-isotherm-030,family-06,0.91578947368421049,6.1851373820584437,305.44884737392823,class-0,3.8954345544395035,synthetic:adsorption-isotherm
adsorption-isotherm-031,family-06,0.91578947368421049,3.305680067311723,293.27998178362941,class-0,3.5589365871773939,synthetic:adsorption-isotherm
adsorption-isotherm-032,family-06,0.91578947368421049,2.574098195057323,343.17172763766672,class-0,2.8542822616715471,synthetic:adsorption-isotherm
adsorption-isotherm-033,family-06,0.91578947368421049,4.5987936236078282,283.62573381880952,class-0,3.8691811185941978,synthetic:adsorption-isotherm
adsorption-isotherm-034,family-06,0.91578947368421049,6.3083727990270191,347.11595291999271,class-0,3.6489809790350916,synthetic:adsorption-isotherm
adsorption-isotherm-035,family-07,0.96842105263157885,2.4244725786323431,291.25449861874836,class-1,3.5046604207422889,synthetic:adsorption-isotherm
adsorption-isotherm-036,family-07,0.96842105263157885,1.2929698956062896,321.49966978302956,class-1,2.4351674752789387,synthetic:adsorption-isotherm
adsorption-isotherm-037,family-07,0.96842105263157885,6.7089893092185893,315.99463184538325,class-1,4.1019478486275753,synthetic:adsorption-isotherm
adsorption-isotherm-038,family-07,0.96842105263157885,2.8079764650487657,328.44787041338782,class-1,3.2583078297451054,synthetic:adsorption-isotherm
adsorption-isotherm-039,family-07,0.96842105263157885,8.4673758912172907,290.20752812784286,class-1,4.3704300032073782,synthetic:adsorption-isotherm
adsorption-isotherm-040,family-08,1.0210526315789474,5.1168387839315663,306.41284228655007,class-2,4.2043031059089921,synthetic:adsorption-isotherm
adsorption-isotherm-041,family-08,1.0210526315789474,9.8271031349534628,320.77587961845251,class-2,4.5213847721214178,synthetic:adsorption-isotherm
adsorption-isotherm-042,family-08,1.0210526315789474,1.821170639788628,335.88676862322228,class-2,2.8335153130458295,synthetic:adsorption-isotherm
adsorption-isotherm-043,family-08,1.0210526315789474,1.2684242476218526,320.83997954252317,class-2,2.5512138893444192,synthetic:adsorption-isotherm
adsorption-isotherm-044,family-08,1.0210526315789474,1.5934083600072537,327.17618428748506,class-2,2.7648106151121543,synthetic:adsorption-isotherm
adsorption-isotherm-045,family-09,1.0736842105263158,9.7669488768633794,298.2807928171793,class-0,4.8683885469928381,synthetic:adsorption-isotherm
adsorption-isotherm-046,family-09,1.0736842105263158,6.8225639956190314,309.07406176747071,class-0,4.6069055453184804,synthetic:adsorption-isotherm
adsorption-isotherm-047,family-09,1.0736842105263158,5.9812727070863003,323.42206583956568,class-0,4.4088349163038547,synthetic:adsorption-isotherm
adsorption-isotherm-048,family-09,1.0736842105263158,3.427306135600737,304.59171652392104,class-0,4.0863284066672794,synthetic:adsorption-isotherm
adsorption-isotherm-049,family-09,1.0736842105263158,1.5187271594170655,335.65017705347435,class-0,2.7398465454126346,synthetic:adsorption-isotherm
adsorption-isotherm-050,family-10,1.1263157894736842,0.20510870680850338,339.6054737840243,class-1,0.67406889200808406,synthetic:adsorption-isotherm
adsorption-isotherm-051,family-10,1.1263157894736842,8.0186548549158694,280.95423078575311,class-1,5.1115457986169854,synthetic:adsorption-isotherm
adsorption-isotherm-052,family-10,1.1263157894736842,4.672442995589341,310.36541759106069,class-1,4.5246811797509201,synthetic:adsorption-isotherm
adsorption-isotherm-053,family-10,1.1263157894736842,9.8910835562149675,295.85044993613246,class-1,5.1258335799659633,synthetic:adsorption-isotherm
adsorption-isotherm-054,family-10,1.1263157894736842,0.16283633213891022,324.50815579234649,class-1,0.62036374414547846,synthetic:adsorption-isotherm
adsorption-isotherm-055,family-11,1.1789473684210527,8.5431204405160166,343.43201138567298,class-2,4.9851329357913565,synthetic:adsorption-isotherm
adsorption-isotherm-056,family-11,1.1789473684210527,1.6525472809943738,300.07762436471239,class-2,3.6401863625661122,synthetic:adsorption-isotherm
adsorption-isotherm-057,family-11,1.1789473684210527,9.8720987934487852,303.5865803847995,class-2,5.3213703484925281,synthetic:adsorption-isotherm
adsorption-isotherm-058,family-11,1.1789473684210527,1.5207834012669605,309.8083684835413,class-2,3.3736752787909348,synthetic:adsorption-isotherm
adsorption-isotherm-059,family-11,1.1789473684210527,2.2728777774902866,315.14661345511081,class-2,3.8575579194387419,synthetic:adsorption-isotherm
adsorption-isotherm-060,family-12,1.2315789473684209,4.6515308647210238,313.89337042412126,class-0,4.9074816168851649,synthetic:adsorption-isotherm
adsorption-isotherm-061,family-12,1.2315789473684209,5.2006229851723536,314.55581377728788,class-0,5.0087419170732046,synthetic:adsorption-isotherm
adsorption-isotherm-062,family-12,1.2315789473684209,1.6472220037859138,337.55622747627058,class-0,3.2417562843566472,synthetic:adsorption-isotherm
adsorption-isotherm-063,family-12,1.2315789473684209,7.2443911181797151,303.04789332727466,class-0,5.3735061093660175,synthetic:adsorption-isotherm
adsorption-isotherm-064,family-12,1.2315789473684209,9.0745737824153405,316.08089692959163,class-0,5.4325511987943171,synthetic:adsorption-isotherm
adsorption-isotherm-065,family-13,1.2842105263157895,0.79571540255081041,293.23586993202184,class-1,2.9319220443409755,synthetic:adsorption-isotherm
adsorption-isotherm-066,family-13,1.2842105263157895,1.737839666609277,305.57513949032659,class-1,3.9505840707427935,synthetic:adsorption-isotherm
adsorption-isotherm-067,family-13,1.2842105263157895,7.6760171106174031,312.35477397495436,class-1,5.5738371437512439,synthetic:adsorption-isotherm
adsorption-isotherm-068,family-13,1.2842105263157895,0.6103009580537514,346.43313056757052,class-1,1.7740622359667162,synthetic:adsorption-isotherm
adsorption-isotherm-069,family-13,1.2842105263157895,6.793186714572931,332.46861588449894,class-1,5.3134268139768839,synthetic:adsorption-isotherm
adsorption-isotherm-070,family-14,1.3368421052631578,7.3938958347913939,298.16646453330907,class-2,5.8865774225465151,synthetic:adsorption-isotherm
adsorption-isotherm-071,family-14,1.3368421052631578,8.9731237170589804,345.26672462286353,class-2,5.681783165155097,synthetic:adsorption-isotherm
adsorption-isotherm-072,family-14,1.3368421052631578,5.4111294841884225,336.32854755017723,class-2,5.2594652237613397,synthetic:adsorption-isotherm
adsorption-isotherm-073,family-14,1.3368421052631578,3.7076120963795236,340.67396022918967,class-2,4.7384280253559368,synthetic:adsorption-isotherm
adsorption-isotherm-074,family-14,1.3368421052631578,0.93964249831780655,333.04051588139407,class-2,2.6578860652774425,synthetic:adsorption-isotherm
adsorption-isotherm-075,family-15,1.3894736842105262,2.6903373661430789,290.17295435112749,class-0,5.1864085981861301,synthetic:adsorption-isotherm
adsorption-isotherm-076,family-15,1.3894736842105262,1.5367995306784861,302.30400555217221,class-0,4.1290814190105376,synthetic:adsorption-isotherm
adsorption-isotherm-077,family-15,1.3894736842105262,5.154322564751447,287.78051369727547,class-0,5.9266926846035526,synthetic:adsorption-isotherm
adsorption-isotherm-078,family-15,1.3894736842105262,0.27122266890881536,325.16197728911629,class-0,1.1815406476640564,synthetic:adsorption-isotherm
adsorption-isotherm-079,family-15,1.3894736842105262,7.5738638830895564,334.23208124775863,class-0,5.8383115785148112,synthetic:adsorption-isotherm
adsorption-isotherm-080,family-16,1.4421052631578948,9.9091732185020991,297.51798756281619,class-1,6.5528231474336112,synthetic:adsorption-isotherm
adsorption-isotherm-081,family-16,1.4421052631578948,1.4642246231263552,318.22969391198035,class-1,3.9074047490840518,synthetic:adsorption-isotherm
adsorption-isotherm-082,family-16,1.4421052631578948,6.5248667638629421,283.27400784162603,class-1,6.388197256590872,synthetic:adsorption-isotherm
adsorption-isotherm-083,family-16,1.4421052631578948,8.9460144007964093,310.71663238855382,class-1,6.3909639668889309,synthetic:adsorption-isotherm
adsorption-isotherm-084,family-16,1.4421052631578948,2.2342010736926357,282.04560552712832,class-1,5.2623797500803775,synthetic:adsorption-isotherm
adsorption-isotherm-085,family-17,1.4947368421052629,9.1070410069226426,293.7179035881004,class-2,6.7661941588677283,synthetic:adsorption-isotherm
adsorption-isotherm-086,family-17,1.4947368421052629,7.2576296109851643,324.85079538367631,class-2,6.3238251499609399,synthetic:adsorption-isotherm
adsorption-isotherm-087,family-17,1.4947368421052629,7.5706146938688486,346.08909618253898,class-2,6.173756617962745,synthetic:adsorption-isotherm
adsorption-isotherm-088,family-17,1.4947368421052629,2.5576193931735531,336.71805684138008,class-2,4.7449029673398249,synthetic:adsorption-isotherm
adsorption-isotherm-089,family-17,1.4947368421052629,7.0432358652313791,326.88421682229256,class-2,6.2752024284768879,synthetic:adsorption-isotherm
adsorption-isotherm-090,family-18,1.5473684210526315,7.9360132923445121,308.5168895665866,class-0,6.7790990695060742,synthetic:adsorption-isotherm
adsorption-isotherm-091,family-18,1.5473684210526315,8.9690001508392179,287.93743043778852,class-0,7.0388842649289876,synthetic:adsorption-isotherm
adsorption-isotherm-092,family-18,1.5473684210526315,5.6538255258862851,339.68380364182599,class-0,6.1064717899473973,synthetic:adsorption-isotherm
adsorption-isotherm-093,family-18,1.5473684210526315,0.99323030766325271,331.91098444470617,class-0,3.1989473127589587,synthetic:adsorption-isotherm
adsorption-isotherm-094,family-18,1.5473684210526315,6.4450272606208499,328.08083968335745,class-0,6.3885107992197474,synthetic:adsorption-isotherm
adsorption-isotherm-095,family-19,1.6000000000000001,4.0106226600784129,296.09433750692108,class-1,6.4308136256883524,synthetic:adsorption-isotherm
adsorption-isotherm-096,family-19,1.6000000000000001,8.7997745737308648,314.52227387661446,class-1,7.0450709646639345,synthetic:adsorption-isotherm
adsorption-isotherm-097,family-19,1.6000000000000001,3.486644718792093,301.24030346137391,class-1,6.1664143462830596,synthetic:adsorption-isotherm
adsorption-isotherm-098,family-19,1.6000000000000001,6.0809600266490609,304.74348425260979,class-1,6.7962263951812147,synthetic:adsorption-isotherm
adsorption-isotherm-099,family-19,1.6000000000000001,5.4236617868061421,325.59202733308734,class-1,6.4255734535755513,synthetic:adsorption-isotherm
