row_id,group_id,family_parameter,temperature,pressure,class,molar_volume,source_id
gas-volume-000,family-00,0.59999999999999998,496.12972820193386,367661.24988154077,class-0,0.0067318251463420057,synthetic:gas-volume
gas-volume-001,family-00,0.59999999999999998,288.88803363660458,906726.05971188936,class-0,0.0015894207941187599,synthetic:gas-volume
gas-volume-002,family-00,0.59999999999999998,307.01307176280591,732825.23206879338,class-0,0.0020899788353654068,synthetic:gas-volume
gas-volume-003,family-00,0.59999999999999998,382.13840188804238,881162.07054566022,class-0,0.0021634672419112585,synthetic:gas-volume
gas-volume-004,family-00,0.59999999999999998,492.17730481267813,517846.13454624044,class-0,0.0047413965608283553,synthetic:gas-volume
gas-volume-005,family-01,0.65263157894736845,310.53584902372103,820983.4810230342,class-1,0.0020524831191671318,synthetic:gas-volume
gas-volume-006,family-01,0.65263157894736845,351.63313988625595,409293.73491615278,class-1,0.0046618357825033369,synthetic:gas-volume
gas-volume-007,family-01,0.65263157894736845,322.17570385358272,497348.35504860058,class-1,0.0035150731669675371,synthetic:gas-volume
gas-volume-008,family-01,0.65263157894736845,350.76153154372435,389279.33629891434,class-1,0.0048893696886415433,synthetic:gas-volume
gas-volume-009,family-01,0.65263157894736845,292.15450419624148,723922.30961079954,class-1,0.0021898929969841013,synthetic:gas-volume
gas-volume-010,family-02,0.70526315789473681,419.90126649676023,321039.04507878341,class-2,0.0076696352796606837,synthetic:gas-volume
gas-volume-011,family-02,0.70526315789473681,295.08775633591165,783339.19556171366,class-2,0.0022089542188517288,synthetic:gas-volume
gas-volume-012,family-02,0.70526315789473681,494.52208645726438,934111.35567564529,class-2,0.0031043624649245241,synthetic:gas-volume
gas-volume-013,family-02,0.70526315789473681,313.27529195458146,638879.03990654065,class-2,0.0028753643618671357,synthetic:gas-volume
gas-volume-014,family-02,0.70526315789473681,344.94204306014763,543021.22227886762,class-2,0.0037249007961012307,synthetic:gas-volume
gas-volume-015,family-03,0.75789473684210518,291.39425021668637,163831.64307910428,class-0,0.011207952130128021,synthetic:gas-volume
gas-volume-016,family-03,0.75789473684210518,436.87349005755027,465168.14584235748,class-0,0.0059181886009858405,synthetic:gas-volume
gas-volume-017,family-03,0.75789473684210518,367.84242859862496,575898.85752071231,class-0,0.0040249332326500083,synthetic:gas-volume
gas-volume-018,family-03,0.75789473684210518,394.09848748277994,969804.0706964205,class-0,0.002560730307357944,synthetic:gas-volume
gas-volume-019,family-03,0.75789473684210518,431.99924669472034,479503.33124791866,class-0,0.0056772031755522477,synthetic:gas-volume
gas-volume-020,family-04,0.81052631578947365,289.62372254659755,371432.84500516654,class-1,0.0052547871758394068,synthetic:gas-volume
gas-volume-021,family-04,0.81052631578947365,337.29618439532277,683204.21436772216,class-1,0.0033270719788598075,synthetic:gas-volume
gas-volume-022,family-04,0.81052631578947365,372.16518618286977,592698.54838075396,class-1,0.0042315861441626175,synthetic:gas-volume
gas-volume-023,family-04,0.81052631578947365,300.44738209628389,992257.32148240658,class-1,0.0020405414309107896,synthetic:gas-volume
gas-volume-024,family-04,0.81052631578947365,298.13060275578658,891797.00254786282,class-1,0.0022528996875273268,synthetic:gas-volume
gas-volume-025,family-05,0.86315789473684212,280.99086976417072,609045.36311119469,class-2,0.0033110596107662998,synthetic:gas-volume
gas-volume-026,family-05,0.86315789473684212,433.43576654233561,143516.10541525373,class-2,0.021674472544133915,synthetic:gas-volume
gas-volume-027,family-05,0.86315789473684212,373.66934157678986,835808.47731790692,class-2,0.0032085227810515317,synthetic:gas-volume
gas-volume-028,family-05,0.86315789473684212,474.8497451223904,657165.29215662403,class-2,0.0051856836944483529,synthetic:gas-volume
gas-volume-029,family-05,0.86315789473684212,310.9972488726267,865425.84618240572,class-2,0.0025789986688678984,synthetic:gas-volume
gas-volume-030,family-06,0.91578947368421049,366.01459765292071,740892.61537141586,class-0,0.0037616031274762853,synthetic:gas-volume
gas-volume-031,family-06,0.91578947368421049,495.6451153043991,276228.84831791115,class-0,0.013662545778470153,synthetic:gas-volume
gas-volume-032,family-06,0.91578947368421049,323.05367342983919,635682.45429501543,class-0,0.0038695841158408462,synthetic:gas-volume
gas-volume-033,family-06,0.91578947368421049,351.212670748503,707221.97653412737,class-0,0.0037813272142404445,synthetic:gas-volume
gas-volume-034,family-06,0.91578947368421049,498.60510423712219,433073.41959987924,class-0,0.0087664754970567804,synthetic:gas-volume
gas-volume-035,family-07,0.96842105263157885,475.5456868202549,506822.12811866496,class-1,0.0075550107382861866,synthetic:gas-volume
gas-volume-036,family-07,0.96842105263157885,474.62346790423499,841437.48410507641,class-1,0.004541776516316539,synthetic:gas-volume
gas-volume-037,family-07,0.96842105263157885,334.74052115197526,715525.75366216886,class-1,0.0037668768774567572,synthetic:gas-volume
gas-volume-038,family-07,0.96842105263157885,478.74560013755297,292477.66250177973,class-1,0.013179850972049866,synthetic:gas-volume
gas-volume-039,family-07,0.96842105263157885,339.36520912578726,734895.13363680989,class-1,0.0037182651233939779,synthetic:gas-volume
gas-volume-040,family-08,1.0210526315789474,398.62818109146701,649739.83638282737,class-2,0.0052084777983224667,synthetic:gas-volume
gas-volume-041,family-08,1.0210526315789474,430.32455378022212,186221.55022916783,class-2,0.019617718726413044,synthetic:gas-volume
gas-volume-042,family-08,1.0210526315789474,447.49126458772594,442698.27948599961,class-2,0.0085814177018633114,synthetic:gas-volume
gas-volume-043,family-08,1.0210526315789474,314.16735670310419,963069.02186601656,class-2,0.0027694017259655515,synthetic:gas-volume
gas-volume-044,family-08,1.0210526315789474,470.60645507253258,466834.93314880738,class-2,0.0085580899566069183,synthetic:gas-volume
gas-volume-045,family-09,1.0736842105263158,302.92149377703402,737963.78192617418,class-0,0.0036644246290165202,synthetic:gas-volume
gas-volume-046,family-09,1.0736842105263158,434.76828738741017,125773.63609913025,class-0,0.030858797144920402,synthetic:gas-volume
gas-volume-047,family-09,1.0736842105263158,457.91022637279571,235132.98088580836,class-0,0.017385114066262343,synthetic:gas-volume
gas-volume-048,family-09,1.0736842105263158,284.5579125459509,596721.91291986953,class-0,0.0042570566691103248,synthetic:gas-volume
gas-volume-049,family-09,1.0736842105263158,361.40529014440563,174124.23282604612,class-0,0.018528746556139102,synthetic:gas-volume
gas-volume-050,family-10,1.1263157894736842,384.06234441015647,434733.59279343492,class-1,0.0082731878547919156,synthetic:gas-volume
gas-volume-051,family-10,1.1263157894736842,424.89784696450761,790678.79389946966,class-1,0.005032442214640831,synthetic:gas-volume
gas-volume-052,family-10,1.1263157894736842,335.42136303002917,334430.92152407102,class-1,0.0093924447992088343,synthetic:gas-volume
gas-volume-053,family-10,1.1263157894736842,471.17414389886983,470022.98249200126,class-1,0.00938764620046551,synthetic:gas-volume
gas-volume-054,family-10,1.1263157894736842,497.9569858067199,393614.14897595043,class-1,0.011847193601727056,synthetic:gas-volume
gas-volume-055,family-11,1.1789473684210527,305.71728786929157,266483.32847788354,class-2,0.011245494470622008,synthetic:gas-volume
gas-volume-056,family-11,1.1789473684210527,492.73668470718621,569691.30164149497,class-2,0.0084782049538904697,synthetic:gas-volume
gas-volume-057,family-11,1.1789473684210527,361.901075824629,697894.6754684943,class-2,0.0050830992740430693,synthetic:gas-volume
gas-volume-058,family-11,1.1789473684210527,405.24024948847466,296238.20161064691,class-2,0.013409114954559308,synthetic:gas-volume
gas-volume-059,family-11,1.1789473684210527,368.48015115279088,647606.48154864239,class-2,0.0055773964315937365,synthetic:gas-volume
gas-volume-060,family-12,1.2315789473684209,427.19200174418904,718334.52812847972,class-0,0.0060896567274325679,synthetic:gas-volume
gas-volume-061,family-12,1.2315789473684209,328.15257151448833,449345.45625173557,class-0,0.007478110856463248,synthetic:gas-volume
gas-volume-062,family-12,1.2315789473684209,451.47599034703848,289850.36600247165,class-0,0.015949873674948014,synthetic:gas-volume
gas-volume-063,family-12,1.2315789473684209,362.43471348213063,724529.04676088062,class-0,0.0051223638910010477,synthetic:gas-volume
gas-volume-064,family-12,1.2315789473684209,398.66236839432241,254636.18391078466,class-0,0.016031773442915651,synthetic:gas-volume
gas-volume-065,family-13,1.2842105263157895,494.57356386740213,441107.64389480464,class-1,0.011971724811057429,synthetic:gas-volume
gas-volume-066,family-13,1.2842105263157895,309.39685835252845,894025.27807037765,class-1,0.0036951877674329917,synthetic:gas-volume
gas-volume-067,family-13,1.2842105263157895,389.36789986155009,172370.37954783085,class-1,0.024119478709187746,synthetic:gas-volume
gas-volume-068,family-13,1.2842105263157895,484.86088977621506,517834.2559202335,class-1,0.0099976237371018316,synthetic:gas-volume
gas-volume-069,family-13,1.2842105263157895,454.02315028526277,618143.83576707204,class-1,0.0078425783376114833,synthetic:gas-volume
gas-volume-070,family-14,1.3368421052631578,499.29776613346382,239321.04483636707,class-2,0.023189588039296279,synthetic:gas-volume
gas-volume-071,family-14,1.3368421052631578,434.38792517297372,217359.0564173045,class-2,0.022213362563199116,synthetic:gas-volume
gas-volume-072,family-14,1.3368421052631578,444.2274114109436,251820.60692463696,class-2,0.019607778305656076,synthetic:gas-volume
gas-volume-073,family-14,1.3368421052631578,373.10179110486001,202855.1854317821,class-2,0.020443512724938925,synthetic:gas-volume
gas-volume-074,family-14,1.3368421052631578,340.53725340978355,839226.37630199711,class-2,0.004510241582636256,synthetic:gas-volume
gas-volume-075,family-15,1.3894736842105262,410.09773928372994,167108.75860750652,class-0,0.028351280131739161,synthetic:gas-volume
gas-volume-076,family-15,1.3894736842105262,383.89443756568573,903177.85973223089,class-0,0.004910469835539809,synthetic:gas-volume
gas-volume-077,family-15,1.3894736842105262,349.88164524206883,805927.81313110888,class-0,0.0050154456342807567,synthetic:gas-volume
gas-volume-078,family-15,1.3894736842105262,380.22677814711142,708013.82130299613,class-0,0.0062041955060205978,synthetic:gas-volume
gas-volume-079,family-15,1.3894736842105262,452.44863577581202,976276.59203295852,class-0,0.0053540314456368698,synthetic:gas-volume
gas-volume-080,family-16,1.4421052631578948,492.57054532819808,979796.65810092923,class-1,0.0060278665849343317,synthetic:gas-volume
gas-volume-081,family-16,1.4421052631578948,395.3571261027576,223068.38215371806,class-1,0.021251162909564487,synthetic:gas-volume
gas-volume-082,family-16,1.4421052631578948,414.80595858524805,446862.56114262034,class-1,0.011130179359516032,synthetic:gas-volume
gas-volume-083,family-16,1.4421052631578948,495.49263985358044,962820.39116411516,class-1,0.0061705386263641174,synthetic:gas-volume
gas-volume-084,family-16,1.4421052631578948,395.97621908044664,820309.97836691386,class-1,0.0057879164993991658,synthetic:gas-volume
gas-volume-085,family-17,1.4947368421052629,331.8794174849906,603887.50757077464,class-2,0.0068300392227841249,synthetic:gas-volume
gas-volume-086,family-17,1.4947368421052629,369.78017286966769,455536.10347988858,class-2,0.010088340746133399,synthetic:gas-volume
gas-volume-087,family-17,1.4947368421052629,314.37814209358095,126124.63912153138,class-2,0.03097785414202971,synthetic:gas-volume
gas-volume-088,family-17,1.4947368421052629,348.27971249811151,986968.95138201397,class-2,0.0043855453955245561,synthetic:gas-volume
gas-volume-089,family-17,1.4947368421052629,391.91119138710172,942476.55978049093,class-2,0.0051679229707140987,synthetic:gas-volume
gas-volume-090,family-18,1.5473684210526315,479.43443921613573,771110.86321272783,class-0,0.0079990851637942052,synthetic:gas-volume
gas-volume-091,family-18,1.5473684210526315,339.34578737506916,747399.37185696186,class-0,0.0058414094410463632,synthetic:gas-volume
gas-volume-092,family-18,1.5473684210526315,465.08629729371427,790286.06487569655,class-0,0.007571416455705888,synthetic:gas-volume
gas-volume-093,family-18,1.5473684210526315,442.69658565758073,295427.55839724722,class-0,0.019278936894490714,synthetic:gas-volume
gas-volume-094,family-18,1.5473684210526315,285.95317332246611,283710.93997179042,class-0,0.012967216214677944,synthetic:gas-volume
gas-volume-095,family-19,1.6000000000000001,401.51610330684991,200417.46032396922,class-1,0.026651495342359211,synthetic:gas-volume
gas-volume-096,family-19,1.6000000000000001,416.0912531664016,901113.23794437782,class-1,0.0061427576902912907,synthetic:gas-volume
gas-volume-097,family-19,1.6000000000000001,305.74172898829505,533332.9276718637,class-1,0.0076262403299423359,synthetic:gas-volume
gas-volume-098,family-19,1.6000000000000001,486.44757192979603,923797.36187318875,class-1,0.0070050863002700074,synthetic:gas-volume
gas-volume-099,family-19,1.6000000000000001,298.06978097411297,663024.5085384933,class-1,0.0059805693926521328,synthetic:gas-volume
