row_id,group_id,family_parameter,concentration,temperature,class,conductivity,source_id
electrolyte-conductivity-000,family-00,0.59999999999999998,0.40398317550817697,306.77283987967638,class-0,1.5371838207833179,synthetic:electrolyte-conductivity
electrolyte-conductivity-001,family-00,0.59999999999999998,1.2132926781964319,289.38117076620762,class-0,6.9790540614145486,synthetic:electrolyte-conductivity
electrolyte-conductivity-002,family-00,0.59999999999999998,1.665289876647408,303.21572865018589,class-0,7.3857840212848265,synthetic:electrolyte-conductivity
electrolyte-conductivity-003,family-00,0.59999999999999998,0.66479444984456282,312.85985061845264,class-0,3.4650950246739192,synthetic:electrolyte-conductivity
electrolyte-conductivity-004,family-00,0.59999999999999998,1.401309090937974,297.61575883680689,class-0,7.668253880725449,synthetic:electrolyte-conductivity
electrolyte-conductivity-005,family-01,0.65263157894736845,0.9813799045813677,289.97705533258568,class-1,6.1452814374424003,synthetic:electrolyte-conductivity
electrolyte-conductivity-006,family-01,0.65263157894736845,1.7935791167575357,285.28371811422539,class-1,6.9267756173183326,synthetic:electrolyte-conductivity
electrolyte-conductivity-007,family-01,0.65263157894736845,1.1732591978565403,307.22912974200563,class-1,7.8519469905897461,synthetic:electrolyte-conductivity
electrolyte-conductivity-008,family-01,0.65263157894736845,1.9870647840568958,311.77612232352766,class-1,6.1768541793363498,synthetic:electrolyte-conductivity
electrolyte-conductivity-009,family-01,0.65263157894736845,0.56079096412332197,298.37684616150182,class-1,2.7399863310533168,synthetic:electrolyte-conductivity
electrolyte-conductivity-010,family-02,0.70526315789473681,0.30766289483473852,280.50437053636551,class-2,1.0901856026823129,synthetic:electrolyte-conductivity
electrolyte-conductivity-011,family-02,0.70526315789473681,0.7565448501639469,308.30520156100715,class-2,4.9059200028628842,synthetic:electrolyte-conductivity
electrolyte-conductivity-012,family-02,0.70526315789473681,1.5805075485703934,337.23349262503109,class-2,10.013572328790589,synthetic:electrolyte-conductivity
electrolyte-conductivity-013,family-02,0.70526315789473681,1.1253397704716388,314.75540263322279,class-2,8.3774709766528606,synthetic:electrolyte-conductivity
electrolyte-conductivity-014,family-02,0.70526315789473681,1.8560853561307156,308.74097648371048,class-2,7.6569562828300004,synthetic:electrolyte-conductivity
electrolyte-conductivity-015,family-03,0.75789473684210518,1.9892946242656877,307.24047328224259,class-0,7.0487250919509803,synthetic:electrolyte-conductivity
electrolyte-conductivity-016,family-03,0.75789473684210518,1.8522646978178909,299.83964033099608,class-0,8.0207786783812107,synthetic:electrolyte-conductivity
electrolyte-conductivity-017,family-03,0.75789473684210518,0.40838818705278823,315.55596959337726,class-0,2.031456212517512,synthetic:electrolyte-conductivity
electrolyte-conductivity-018,family-03,0.75789473684210518,1.2211351155419985,291.51176403883142,class-0,8.9215377775290658,synthetic:electrolyte-conductivity
electrolyte-conductivity-019,family-03,0.75789473684210518,1.478721842621578,333.54808347310274,class-0,10.867924319269283,synthetic:electrolyte-conductivity
electrolyte-conductivity-020,family-04,0.81052631578947365,1.8460359963866901,307.22737653288982,class-1,8.841700107543355,synthetic:electrolyte-conductivity
electrolyte-conductivity-021,family-04,0.81052631578947365,0.37817979843154936,319.96098475808697,class-1,1.9546463068426978,synthetic:electrolyte-conductivity
electrolyte-conductivity-022,family-04,0.81052631578947365,1.2639689677216921,283.8137638619578,class-1,9.4982666203503356,synthetic:electrolyte-conductivity
electrolyte-conductivity-023,family-04,0.81052631578947365,0.20279987702813154,301.97867527904435,class-1,0.74473477229510177,synthetic:electrolyte-conductivity
electrolyte-conductivity-024,family-04,0.81052631578947365,1.5119142125296028,289.06031934841127,class-1,10.031786888199765,synthetic:electrolyte-conductivity
electrolyte-conductivity-025,family-05,0.86315789473684212,1.1886230111622675,291.15125387175016,class-2,9.9454815513532733,synthetic:electrolyte-conductivity
electrolyte-conductivity-026,family-05,0.86315789473684212,0.34057414620776583,318.42904671715451,class-2,1.7645286333031331,synthetic:electrolyte-conductivity
electrolyte-conductivity-027,family-05,0.86315789473684212,0.31598782155727101,319.51667483329931,class-2,1.581567942360854,synthetic:electrolyte-conductivity
electrolyte-conductivity-028,family-05,0.86315789473684212,1.0964925879685044,317.98000874739591,class-2,10.098901995062448,synthetic:electrolyte-conductivity
electrolyte-conductivity-029,family-05,0.86315789473684212,1.0386203799525995,299.63695867207542,class-2,8.980282882792034,synthetic:electrolyte-conductivity
electrolyte-conductivity-030,family-06,0.91578947368421049,1.1228623198913887,331.2912384553083,class-0,11.425858530277489,synthetic:electrolyte-conductivity
electrolyte-conductivity-031,family-06,0.91578947368421049,1.9564606314174107,326.75340423269165,class-0,9.4341947853163202,synthetic:electrolyte-conductivity
electrolyte-conductivity-032,family-06,0.91578947368421049,1.959411796847744,315.8055972400727,class-0,9.0857326925841146,synthetic:electrolyte-conductivity
electrolyte-conductivity-033,family-06,0.91578947368421049,0.66173778108279557,302.51169062149069,class-0,5.0768098488752909,synthetic:electrolyte-conductivity
electrolyte-conductivity-034,family-06,0.91578947368421049,0.24218466648708878,324.28568909894705,class-0,1.1563237732666152,synthetic:electrolyte-conductivity
electrolyte-conductivity-035,family-07,0.96842105263157885,0.65461232760080901,295.97160090406783,class-1,5.1633445349581901,synthetic:electrolyte-conductivity
electrolyte-conductivity-036,family-07,0.96842105263157885,1.6456601734607839,294.05794360808414,class-1,11.676481925498383,synthetic:electrolyte-conductivity
electrolyte-conductivity-037,family-07,0.96842105263157885,0.60129787843582805,281.75891853223027,class-1,4.2934322147462911,synthetic:electrolyte-conductivity
electrolyte-conductivity-038,family-07,0.96842105263157885,0.37031224211302305,324.55126593912433,class-1,2.2933046234964092,synthetic:electrolyte-conductivity
electrolyte-conductivity-039,family-07,0.96842105263157885,1.2474173566587523,289.65261210298149,class-1,11.489447780334084,synthetic:electrolyte-conductivity
electrolyte-conductivity-040,family-08,1.0210526315789474,1.4125478665204938,299.94678186968918,class-2,13.166025172073772,synthetic:electrolyte-conductivity
electrolyte-conductivity-041,family-08,1.0210526315789474,0.43034270374252581,308.84084157336753,class-2,2.9082091084344204,synthetic:electrolyte-conductivity
electrolyte-conductivity-042,family-08,1.0210526315789474,0.21031810247560842,308.59901123251979,class-2,1.0077301543646211,synthetic:electrolyte-conductivity
electrolyte-conductivity-043,family-08,1.0210526315789474,0.41120480019449068,328.01322843821322,class-2,2.8756447587155445,synthetic:electrolyte-conductivity
electrolyte-conductivity-044,family-08,1.0210526315789474,0.54905155206967726,287.95747814820641,class-2,3.9989482334868267,synthetic:electrolyte-conductivity
electrolyte-conductivity-045,family-09,1.0736842105263158,0.78650066553518927,317.40400570954546,class-0,8.1524574839363186,synthetic:electrolyte-conductivity
electrolyte-conductivity-046,family-09,1.0736842105263158,1.1686860329125746,311.32231130017806,class-0,13.047265508559265,synthetic:electrolyte-conductivity
electrolyte-conductivity-047,family-09,1.0736842105263158,1.8352151227684153,293.46123505214575,class-0,11.301704008192619,synthetic:electrolyte-conductivity
electrolyte-conductivity-048,family-09,1.0736842105263158,0.7635707515915684,298.64047243896852,class-0,7.3367342194485579,synthetic:electrolyte-conductivity
electrolyte-conductivity-049,family-09,1.0736842105263158,1.3049353485734725,303.54697615588759,class-0,13.6847066889068,synthetic:electrolyte-conductivity
electrolyte-conductivity-050,family-10,1.1263157894736842,1.359498534510776,287.22041217397054,class-1,13.797257972045594,synthetic:electrolyte-conductivity
electrolyte-conductivity-051,family-10,1.1263157894736842,0.63714478927898055,283.01133230940525,class-1,5.5010401529106341,synthetic:electrolyte-conductivity
electrolyte-conductivity-052,family-10,1.1263157894736842,1.1528236858077314,289.31405336685111,class-1,12.570845797503667,synthetic:electrolyte-conductivity
electrolyte-conductivity-053,family-10,1.1263157894736842,1.9672242397962583,304.09542970044407,class-1,10.658212979255023,synthetic:electrolyte-conductivity
electrolyte-conductivity-054,family-10,1.1263157894736842,1.9939123761474191,331.34278168911135,class-1,11.23031000767492,synthetic:electrolyte-conductivity
electrolyte-conductivity-055,family-11,1.1789473684210527,0.90684504783760045,297.7476677147871,class-2,10.290976486986505,synthetic:electrolyte-conductivity
electrolyte-conductivity-056,family-11,1.1789473684210527,1.6660793388006447,329.21676067662293,class-2,15.750266947389832,synthetic:electrolyte-conductivity
electrolyte-conductivity-057,family-11,1.1789473684210527,0.73486362915372982,332.78420673203584,class-2,8.467310564639055,synthetic:electrolyte-conductivity
electrolyte-conductivity-058,family-11,1.1789473684210527,1.6261115395520351,293.51889986845873,class-2,14.317089195406661,synthetic:electrolyte-conductivity
electrolyte-conductivity-059,family-11,1.1789473684210527,0.81784860172607066,329.3451287212946,class-2,9.8407542156137087,synthetic:electrolyte-conductivity
electrolyte-conductivity-060,family-12,1.2315789473684209,1.5798887863153279,308.04885012127278,class-0,15.976329703017049,synthetic:electrolyte-conductivity
electrolyte-conductivity-061,family-12,1.2315789473684209,0.24858548408219169,311.17806549977092,class-0,1.5484877131309833,synthetic:electrolyte-conductivity
electrolyte-conductivity-062,family-12,1.2315789473684209,0.48034745454369576,326.67731550214125,class-0,4.4173796469155278,synthetic:electrolyte-conductivity
electrolyte-conductivity-063,family-12,1.2315789473684209,1.2941299997832778,309.34466060384602,class-0,15.933071365410079,synthetic:electrolyte-conductivity
electrolyte-conductivity-064,family-12,1.2315789473684209,0.51382414376877028,318.41478726671687,class-0,4.7954483410933539,synthetic:electrolyte-conductivity
electrolyte-conductivity-065,family-13,1.2842105263157895,0.66708884794446854,288.76633551083228,class-1,6.8826894972606718,synthetic:electrolyte-conductivity
electrolyte-conductivity-066,family-13,1.2842105263157895,1.3837080624614071,283.75150351131265,class-1,15.611553667330789,synthetic:electrolyte-conductivity
electrolyte-conductivity-067,family-13,1.2842105263157895,0.66070768495333554,330.63616067027289,class-1,7.7619439465878823,synthetic:electrolyte-conductivity
electrolyte-conductivity-068,family-13,1.2842105263157895,0.70555332129275072,311.75227250307904,class-1,8.1131282415427197,synthetic:electrolyte-conductivity
electrolyte-conductivity-069,family-13,1.2842105263157895,1.6581723406728994,283.00476168335399,class-1,14.809355614862348,synthetic:electrolyte-conductivity
electrolyte-conductivity-070,family-14,1.3368421052631578,0.32368847874008627,325.57670480079196,class-2,2.5876926200161945,synthetic:electrolyte-conductivity
electrolyte-conductivity-071,family-14,1.3368421052631578,0.17412154532471388,325.54965071932105,class-2,1.0790318328527866,synthetic:electrolyte-conductivity
electrolyte-conductivity-072,family-14,1.3368421052631578,1.6778724792964776,295.22158712659638,class-2,15.912707847499782,synthetic:electrolyte-conductivity
electrolyte-conductivity-073,family-14,1.3368421052631578,1.8127005848295985,322.21177495239317,class-2,15.766484650495659,synthetic:electrolyte-conductivity
electrolyte-conductivity-074,family-14,1.3368421052631578,1.3859074393351503,337.60215326345008,class-2,19.342059902023294,synthetic:electrolyte-conductivity
electrolyte-conductivity-075,family-15,1.3894736842105262,1.2908915612620278,315.11881230818551,class-0,18.288270743311344,synthetic:electrolyte-conductivity
electrolyte-conductivity-076,family-15,1.3894736842105262,1.7932290818301913,332.55288105038227,class-0,17.19583007264961,synthetic:electrolyte-conductivity
electrolyte-conductivity-077,family-15,1.3894736842105262,1.1083969939966145,286.54038160456042,class-0,14.807597952105795,synthetic:electrolyte-conductivity
electrolyte-conductivity-078,family-15,1.3894736842105262,0.31790888108001325,285.42347045986259,class-0,2.2950016975072276,synthetic:electrolyte-conductivity
electrolyte-conductivity-079,family-15,1.3894736842105262,0.81368768377290057,301.94560369434248,class-0,10.554054601565547,synthetic:electrolyte-conductivity
electrolyte-conductivity-080,family-16,1.4421052631578948,0.93736301572508685,287.88861286305541,class-1,12.718197579173886,synthetic:electrolyte-conductivity
electrolyte-conductivity-081,family-16,1.4421052631578948,1.7162066235953466,339.61417356362921,class-1,19.294336962274329,synthetic:electrolyte-conductivity
electrolyte-conductivity-082,family-16,1.4421052631578948,1.2608868413859018,290.13582715954414,class-1,17.251094031509975,synthetic:electrolyte-conductivity
electrolyte-conductivity-083,family-16,1.4421052631578948,0.22371931644712717,309.75482978175847,class-1,1.5560426771024449,synthetic:electrolyte-conductivity
electrolyte-conductivity-084,family-16,1.4421052631578948,1.3520472492796005,284.50913650085869,class-1,17.469440841281873,synthetic:electrolyte-conductivity
electrolyte-conductivity-085,family-17,1.4947368421052629,1.6985307698492766,282.55513342598044,class-2,16.824564792801368,synthetic:electrolyte-conductivity
electrolyte-conductivity-086,family-17,1.4947368421052629,0.2579744219018788,325.29133537180235,class-2,2.0714752958716107,synthetic:electrolyte-conductivity
electrolyte-conductivity-087,family-17,1.4947368421052629,1.8440161065183374,320.01346605439346,class-2,17.016623882857488,synthetic:electrolyte-conductivity
electrolyte-conductivity-088,family-17,1.4947368421052629,0.22155895014960009,303.42448710033881,class-2,1.558695545650463,synthetic:electrolyte-conductivity
electrolyte-conductivity-089,family-17,1.4947368421052629,1.4156929054814149,329.76451707379738,class-2,21.195262169300321,synthetic:electrolyte-conductivity
electrolyte-conductivity-090,family-18,1.5473684210526315,0.79681971732340828,323.68329828429273,class-0,12.216258809537145,synthetic:electrolyte-conductivity
electrolyte-conductivity-091,family-18,1.5473684210526315,1.0564955294921285,311.40037303825704,class-0,17.050703206876072,synthetic:electrolyte-conductivity
electrolyte-conductivity-092,family-18,1.5473684210526315,0.43343657372707611,326.17012323621657,class-0,4.707466148613868,synthetic:electrolyte-conductivity
electrolyte-conductivity-093,family-18,1.5473684210526315,0.42871998229512576,317.27135442945689,class-0,4.5007162905184943,synthetic:electrolyte-conductivity
electrolyte-conductivity-094,family-18,1.5473684210526315,0.63930327408034193,284.98980506431457,class-0,7.6513561485529467,synthetic:electrolyte-conductivity
electrolyte-conductivity-095,family-19,1.6000000000000001,1.6160451514517253,295.03318202009746,class-1,19.614368194111687,synthetic:electrolyte-conductivity
electrolyte-conductivity-096,family-19,1.6000000000000001,1.6888860726181771,312.13914644477831,class-1,20.009890629336113,synthetic:electrolyte-conductivity
electrolyte-conductivity-097,family-19,1.6000000000000001,1.6034511374433724,298.22605533220417,class-1,19.926335107110759,synthetic:electrolyte-conductivity
electrolyte-conductivity-098,family-19,1.6000000000000001,0.73968127854297905,313.5493668997529,class-1,10.936289620778366,synthetic:electrolyte-conductivity
electrolyte-conductivity-099,family-19,1.6000000000000001,0.74708974642588988,319.84640942714827,class-1,11.327354357985429,synthetic:electrolyte-conductivity
