row_id,group_id,family_parameter,temperature,residence_time,class,objective,source_id
process-response-000,family-00,0.59999999999999998,365.2490698701335,2.2962041396423292,class-0,0.39937492929011248,synthetic:process-response
process-response-001,family-00,0.59999999999999998,400.96906146956974,4.8937742040228951,class-0,0.014450684297294292,synthetic:process-response
process-response-002,family-00,0.59999999999999998,390.00912907733243,0.20736057431553995,class-0,-0.050691563560146674,synthetic:process-response
process-response-003,family-00,0.59999999999999998,339.7962513529647,1.3779006461356629,class-0,0.37866870750062354,synthetic:process-response
process-response-004,family-00,0.59999999999999998,371.91037433243196,4.426665031132428,class-0,0.36524927945571978,synthetic:process-response
process-response-005,family-01,0.65263157894736845,323.34014846977561,3.6659735591449194,class-1,0.38250329209955269,synthetic:process-response
process-response-006,family-01,0.65263157894736845,318.17314646891919,0.13963987712569023,class-1,0.024987398976889702,synthetic:process-response
process-response-007,family-01,0.65263157894736845,360.46635119418005,2.990803824927339,class-1,0.51635512274672046,synthetic:process-response
process-response-008,family-01,0.65263157894736845,365.11616325589125,0.78775411535716167,class-1,0.24130894673956488,synthetic:process-response
process-response-009,family-01,0.65263157894736845,419.92912563918321,4.0386438792952255,class-1,-0.091756572272025202,synthetic:process-response
process-response-010,family-02,0.70526315789473681,418.06306842162127,1.4181448112669279,class-2,-0.090517879003628787,synthetic:process-response
process-response-011,family-02,0.70526315789473681,362.4465557535359,1.7302470306474664,class-2,0.46226683322268786,synthetic:process-response
process-response-012,family-02,0.70526315789473681,379.88515593133815,2.0564852766855721,class-2,0.27007399150827166,synthetic:process-response
process-response-013,family-02,0.70526315789473681,324.89185155823822,4.4416360076007511,class-2,0.44309866067393827,synthetic:process-response
process-response-014,family-02,0.70526315789473681,391.22927568147475,2.0117554328424609,class-2,0.11792241852401215,synthetic:process-response
process-response-015,family-03,0.75789473684210518,395.78968003374393,0.45455419729470192,class-0,-0.023126325424099495,synthetic:process-response
process-response-016,family-03,0.75789473684210518,415.12139438825085,2.0592822448237431,class-0,-0.070428021536358271,synthetic:process-response
process-response-017,family-03,0.75789473684210518,316.09852810862685,1.0800803379475317,class-0,0.2259493434735092,synthetic:process-response
process-response-018,family-03,0.75789473684210518,353.59552143982171,3.1846120332813972,class-0,0.66508014594255371,synthetic:process-response
process-response-019,family-03,0.75789473684210518,377.10424524853971,0.28358987688967463,class-0,0.039136415265396005,synthetic:process-response
process-response-020,family-04,0.81052631578947365,365.53740855294552,1.8901901638469163,class-1,0.5241953160074847,synthetic:process-response
process-response-021,family-04,0.81052631578947365,313.11867728002528,1.6029832657221947,class-1,0.26153738628502299,synthetic:process-response
process-response-022,family-04,0.81052631578947365,378.66981581443736,3.6068027446222368,class-1,0.39107883343414396,synthetic:process-response
process-response-023,family-04,0.81052631578947365,391.63563311244752,3.1072540130558393,class-1,0.16839870072514482,synthetic:process-response
process-response-024,family-04,0.81052631578947365,406.33898709247364,3.8484167085975649,class-1,0.00076910113315661888,synthetic:process-response
process-response-025,family-05,0.86315789473684212,308.45766918639572,2.2618952158772019,class-2,0.2525041427561725,synthetic:process-response
process-response-026,family-05,0.86315789473684212,333.55338298190668,1.8831829280773635,class-2,0.58247966176524735,synthetic:process-response
process-response-027,family-05,0.86315789473684212,407.74792887599568,4.6029579104472136,class-2,-0.0034484511985260619,synthetic:process-response
process-response-028,family-05,0.86315789473684212,382.67662151621812,1.3570256488362828,class-2,0.24417768462533979,synthetic:process-response
process-response-029,family-05,0.86315789473684212,395.48930464094394,4.5187882967521569,class-2,0.13674865519029877,synthetic:process-response
process-response-030,family-06,0.91578947368421049,338.56668100750483,3.7294087598026766,class-0,0.78311663073942483,synthetic:process-response
process-response-031,family-06,0.91578947368421049,322.49684619385943,1.1832065076001896,class-0,0.37146320321725496,synthetic:process-response
process-response-032,family-06,0.91578947368421049,360.38963919832372,0.87601021842220728,class-0,0.43716212332403909,synthetic:process-response
process-response-033,family-06,0.91578947368421049,347.81426581602534,0.906680682663215,class-0,0.49449445794510172,synthetic:process-response
process-response-034,family-06,0.91578947368421049,331.7949040453168,3.4814321480900894,class-0,0.68775324442349473,synthetic:process-response
process-response-035,family-07,0.96842105263157885,360.70170080343973,3.7055121039705514,class-1,0.81665711019046328,synthetic:process-response
process-response-036,family-07,0.96842105263157885,309.55679862636151,3.583593295628583,class-1,0.32717728179733868,synthetic:process-response
process-response-037,family-07,0.96842105263157885,415.8951993445379,1.1476884699102585,class-1,-0.074078958392264652,synthetic:process-response
process-response-038,family-07,0.96842105263157885,336.20438304724422,1.6797917171147698,class-1,0.66133031349992355,synthetic:process-response
process-response-039,family-07,0.96842105263157885,302.49449027480324,1.453276195682871,class-1,0.1765725826867546,synthetic:process-response
process-response-040,family-08,1.0210526315789474,397.2872011695606,3.0475653792280522,class-2,0.14113618651452398,synthetic:process-response
process-response-041,family-08,1.0210526315789474,326.06959459012626,2.2555371551124721,class-2,0.61095747264278999,synthetic:process-response
process-response-042,family-08,1.0210526315789474,324.38410841154871,2.4222320956989538,class-2,0.59104973013942919,synthetic:process-response
process-response-043,family-08,1.0210526315789474,372.04497628444983,0.95909787912787903,class-2,0.39074165604654509,synthetic:process-response
process-response-044,family-08,1.0210526315789474,342.51206264169508,2.8903356681767765,class-2,0.8866055283397225,synthetic:process-response
process-response-045,family-09,1.0736842105263158,352.24815762108085,0.4154838926885327,class-0,0.30963084679672898,synthetic:process-response
process-response-046,family-09,1.0736842105263158,403.57720146332809,4.5592544478614956,class-0,0.071087451820670347,synthetic:process-response
process-response-047,family-09,1.0736842105263158,338.59336303746795,3.9686424633130275,class-0,0.93052820045056239,synthetic:process-response
process-response-048,family-09,1.0736842105263158,409.98530894634212,2.5380275895911408,class-0,-0.0076475159804981901,synthetic:process-response
process-response-049,family-09,1.0736842105263158,316.91105454284093,3.4606254377630616,class-0,0.50569010006278647,synthetic:process-response
process-response-050,family-10,1.1263157894736842,333.24013502901033,4.8481826538501593,class-1,0.90231495448570376,synthetic:process-response
process-response-051,family-10,1.1263157894736842,392.75005254803369,0.64247234867610026,class-1,0.075616137879908243,synthetic:process-response
process-response-052,family-10,1.1263157894736842,400.44277040279621,4.013327002457868,class-1,0.1230240618996447,synthetic:process-response
process-response-053,family-10,1.1263157894736842,389.25988593186042,0.55102806572448026,class-1,0.09083109807328775,synthetic:process-response
process-response-054,family-10,1.1263157894736842,300.7229693566473,2.9919525458457592,class-1,0.23180468383269984,synthetic:process-response
process-response-055,family-11,1.1789473684210527,380.87188955955588,1.7518987129596268,class-2,0.4542463724763251,synthetic:process-response
process-response-056,family-11,1.1789473684210527,393.73026030615904,3.0997536133527523,class-2,0.24498952035196775,synthetic:process-response
process-response-057,family-11,1.1789473684210527,318.84311810844468,3.8074971903012322,class-2,0.60757378800322837,synthetic:process-response
process-response-058,family-11,1.1789473684210527,384.70121832609743,1.0884181488672553,class-2,0.2816978398853362,synthetic:process-response
process-response-059,family-11,1.1789473684210527,419.58646912755501,0.63696100965450442,class-2,-0.094655546340079333,synthetic:process-response
process-response-060,family-12,1.2315789473684209,302.75541205116417,1.8265117025743129,class-0,0.25132888348462878,synthetic:process-response
process-response-061,family-12,1.2315789473684209,391.67242517022197,2.4195852068113566,class-0,0.28531995372972963,synthetic:process-response
process-response-062,family-12,1.2315789473684209,390.97699376658557,0.16377163608131834,class-0,-0.027835921769343089,synthetic:process-response
process-response-063,family-12,1.2315789473684209,318.95339400271672,2.8410734663122952,class-0,0.61395744164266841,synthetic:process-response
process-response-064,family-12,1.2315789473684209,302.3926509449708,1.5633929255574313,class-0,0.23177009072097271,synthetic:process-response
process-response-065,family-13,1.2842105263157895,364.05339325988837,1.1618935811845248,class-1,0.71387165910594652,synthetic:process-response
process-response-066,family-13,1.2842105263157895,326.15572850798907,1.7909024241964142,class-1,0.721836673835758,synthetic:process-response
process-response-067,family-13,1.2842105263157895,388.19650725582414,0.83341117235260875,class-1,0.20154914389481129,synthetic:process-response
process-response-068,family-13,1.2842105263157895,395.2770570522199,1.188862099151192,class-1,0.15072089269918382,synthetic:process-response
process-response-069,family-13,1.2842105263157895,315.58978877547241,3.7974246500595785,class-1,0.58135922917081151,synthetic:process-response
process-response-070,family-14,1.3368421052631578,312.78555060867819,2.4407924921113784,class-2,0.49877785064464647,synthetic:process-response
process-response-071,family-14,1.3368421052631578,403.93640828672079,0.49241544275587268,class-2,-0.021559155629559082,synthetic:process-response
process-response-072,family-14,1.3368421052631578,363.85959117460584,2.7448294198777137,class-2,1.0435613428535264,synthetic:process-response
process-response-073,family-14,1.3368421052631578,329.36359180015154,1.1776838174082438,class-2,0.67755834418508176,synthetic:process-response
process-response-074,family-14,1.3368421052631578,395.91357729584593,0.50326342905841437,class-2,0.04365549887931594,synthetic:process-response
process-response-075,family-15,1.3894736842105262,394.41827382156237,4.0425017235637535,class-0,0.30134479001858494,synthetic:process-response
process-response-076,family-15,1.3894736842105262,413.43742940759944,4.3369367386955346,class-0,-0.0045710840834981281,synthetic:process-response
process-response-077,family-15,1.3894736842105262,322.36397613371082,4.1108575891439836,class-0,0.82357366976003732,synthetic:process-response
process-response-078,family-15,1.3894736842105262,407.59130064490364,1.9746874333408648,class-0,0.040955297044754549,synthetic:process-response
process-response-079,family-15,1.3894736842105262,365.16600824607633,2.7580756213533975,class-0,1.059943683028828,synthetic:process-response
process-response-080,family-16,1.4421052631578948,302.43479582892451,2.0698611269747831,class-1,0.30197437292126861,synthetic:process-response
process-response-081,family-16,1.4421052631578948,310.00031765593047,3.113111917359412,class-1,0.49494039312567029,synthetic:process-response
process-response-082,family-16,1.4421052631578948,321.61627039576126,4.3078587130876977,class-1,0.83625523207533792,synthetic:process-response
process-response-083,family-16,1.4421052631578948,382.46029900589559,4.2971640162709885,class-1,0.65182259533105791,synthetic:process-response
process-response-084,family-16,1.4421052631578948,367.12234215563319,1.294260227331792,class-1,0.80243477307083255,synthetic:process-response
process-response-085,family-17,1.4947368421052629,312.65888765144524,1.5709187336633816,class-2,0.48066979519106323,synthetic:process-response
process-response-086,family-17,1.4947368421052629,337.80335761115259,1.4372940662844875,class-2,0.99864966613429151,synthetic:process-response
process-response-087,family-17,1.4947368421052629,405.82445260025543,4.1672100221167332,class-2,0.10201815490350639,synthetic:process-response
process-response-088,family-17,1.4947368421052629,400.9939271294806,0.73797380552490499,class-2,0.050586364341912923,synthetic:process-response
process-response-089,family-17,1.4947368421052629,376.23397184576754,1.5825461925594848,class-2,0.69423058825639683,synthetic:process-response
process-response-090,family-18,1.5473684210526315,373.18787090604576,3.8152801907825662,class-0,1.0061829202986177,synthetic:process-response
process-response-091,family-18,1.5473684210526315,386.82088796249502,3.4855903556733123,class-0,0.5539800582826343,synthetic:process-response
process-response-092,family-18,1.5473684210526315,309.47678845750249,1.3759327716861003,class-0,0.40291810619795193,synthetic:process-response
process-response-093,family-18,1.5473684210526315,415.9407231299956,0.87748936460148019,class-0,-0.058251980997938095,synthetic:process-response
process-response-094,family-18,1.5473684210526315,400.03303321074537,1.9406891793092145,class-0,0.17516224096561595,synthetic:process-response
process-response-095,family-19,1.6000000000000001,356.5479911408267,0.23945984589240601,class-1,0.27315829663494479,synthetic:process-response
process-response-096,family-19,1.6000000000000001,385.55380123708318,1.9707001912917337,class-1,0.5373734952064757,synthetic:process-response
process-response-097,family-19,1.6000000000000001,377.02612872268685,2.2529338459536121,class-1,0.82804331096374084,synthetic:process-response
process-response-098,family-19,1.6000000000000001,387.03975707022141,0.82909429347387564,class-1,0.29348940008482405,synthetic:process-response
process-response-099,family-19,1.6000000000000001,353.435238482606,3.7277236516210821,class-1,1.4946140250765545,synthetic:process-response
