row_id,group_id,family_parameter,porosity,temperature,class,modulus,source_id
porous-modulus-000,family-00,0.59999999999999998,0.60639598126358663,310.92494745481167,class-0,4.641716548493946,synthetic:porous-modulus
porous-modulus-001,family-00,0.59999999999999998,0.4609788509252179,343.73709796232328,class-0,8.6764480838847593,synthetic:porous-modulus
porous-modulus-002,family-00,0.59999999999999998,0.1266386120237665,365.72622847238318,class-0,22.727826822980461,synthetic:porous-modulus
porous-modulus-003,family-00,0.59999999999999998,0.27791124601492551,395.49379551563305,class-0,15.489861704907691,synthetic:porous-modulus
porous-modulus-004,family-00,0.59999999999999998,0.20607077877796715,372.0060878594341,class-0,18.769764896297257,synthetic:porous-modulus
porous-modulus-005,family-01,0.65263157894736845,0.099293082483721873,359.38589043098222,class-1,26.310609768815848,synthetic:porous-modulus
porous-modulus-006,family-01,0.65263157894736845,0.35970746144592231,381.54798982721729,class-1,13.266344929600699,synthetic:porous-modulus
porous-modulus-007,family-01,0.65263157894736845,0.63097020627383582,302.47795448592854,class-1,4.4418760027236193,synthetic:porous-modulus
porous-modulus-008,family-01,0.65263157894736845,0.33682122897488725,340.15503652781342,class-1,14.291067814678682,synthetic:porous-modulus
porous-modulus-009,family-01,0.65263157894736845,0.45185150580244571,285.42541535469098,class-1,9.8170341910200012,synthetic:porous-modulus
porous-modulus-010,family-02,0.70526315789473681,0.39626532352017707,356.70513119285056,class-2,12.777809211853858,synthetic:porous-modulus
porous-modulus-011,family-02,0.70526315789473681,0.41060520554953311,333.57938751936678,class-2,12.2063507383199,synthetic:porous-modulus
porous-modulus-012,family-02,0.70526315789473681,0.31652421347288939,299.94316464321992,class-2,16.469600695804644,synthetic:porous-modulus
porous-modulus-013,family-02,0.70526315789473681,0.12948586756326552,346.56003773838142,class-2,26.592476319228062,synthetic:porous-modulus
porous-modulus-014,family-02,0.70526315789473681,0.69939788861452457,331.25491277889205,class-2,3.1758399376097328,synthetic:porous-modulus
porous-modulus-015,family-03,0.75789473684210518,0.17180108300514541,333.74130181177298,class-0,25.899608924034737,synthetic:porous-modulus
porous-modulus-016,family-03,0.75789473684210518,0.27450138119082618,356.73969633845769,class-0,19.82866707590436,synthetic:porous-modulus
porous-modulus-017,family-03,0.75789473684210518,0.19486935304206293,313.20772504381523,class-0,24.527350995577457,synthetic:porous-modulus
porous-modulus-018,family-03,0.75789473684210518,0.5103829614044324,349.37790126004774,class-0,9.0376366185151671,synthetic:porous-modulus
porous-modulus-019,family-03,0.75789473684210518,0.60226251620989635,369.72981837738564,class-0,5.9517615937051715,synthetic:porous-modulus
porous-modulus-020,family-04,0.81052631578947365,0.096287540186319159,393.6528884092686,class-1,32.781099560858969,synthetic:porous-modulus
porous-modulus-021,family-04,0.81052631578947365,0.44040375503952006,300.62316054955164,class-1,12.687404026344572,synthetic:porous-modulus
porous-modulus-022,family-04,0.81052631578947365,0.11712431722616493,304.86796561688271,class-1,31.567330705055145,synthetic:porous-modulus
porous-modulus-023,family-04,0.81052631578947365,0.63660148414969375,343.66822789332019,class-1,5.3274027948914418,synthetic:porous-modulus
porous-modulus-024,family-04,0.81052631578947365,0.29043862942462756,303.15020257551294,class-1,20.393573102096425,synthetic:porous-modulus
porous-modulus-025,family-05,0.86315789473684212,0.53950909456363338,352.7608269578455,class-2,9.1015969221742168,synthetic:porous-modulus
porous-modulus-026,family-05,0.86315789473684212,0.46566999780820251,385.74453583260419,class-2,12.213829640192911,synthetic:porous-modulus
porous-modulus-027,family-05,0.86315789473684212,0.62769184015774893,334.65242560258054,class-2,5.960334616167871,synthetic:porous-modulus
porous-modulus-028,family-05,0.86315789473684212,0.39543873488965331,342.5000240931937,class-2,15.703771346062634,synthetic:porous-modulus
porous-modulus-029,family-05,0.86315789473684212,0.24266828521476497,379.15266531815018,class-2,24.552388397727871,synthetic:porous-modulus
porous-modulus-030,family-06,0.91578947368421049,0.58134519924884109,390.18398983708192,class-0,7.9516221729184107,synthetic:porous-modulus
porous-modulus-031,family-06,0.91578947368421049,0.27854933295376494,383.93519640521686,class-0,23.628202466783488,synthetic:porous-modulus
porous-modulus-032,family-06,0.91578947368421049,0.28814895300918347,336.16177521154378,class-0,23.114440880227626,synthetic:porous-modulus
porous-modulus-033,family-06,0.91578947368421049,0.14529788714116909,311.23340419781641,class-0,33.405663856309218,synthetic:porous-modulus
porous-modulus-034,family-06,0.91578947368421049,0.19863587332915955,312.64196086326683,class-0,29.362233484050755,synthetic:porous-modulus
porous-modulus-035,family-07,0.96842105263157885,0.28270363515269969,315.82214429181352,class-1,24.868912240287258,synthetic:porous-modulus
porous-modulus-036,family-07,0.96842105263157885,0.65678042489443755,335.0658919871766,class-1,5.6828420204285619,synthetic:porous-modulus
porous-modulus-037,family-07,0.96842105263157885,0.6584024913160218,382.49807240176392,class-1,5.60245425346546,synthetic:porous-modulus
porous-modulus-038,family-07,0.96842105263157885,0.28308659669188657,282.23797845538871,class-1,24.925944478254848,synthetic:porous-modulus
porous-modulus-039,family-07,0.96842105263157885,0.12278138803024097,399.41732592851565,class-1,36.882717841743492,synthetic:porous-modulus
porous-modulus-040,family-08,1.0210526315789474,0.21755280988093051,302.75810105445828,class-2,31.240754423821599,synthetic:porous-modulus
porous-modulus-041,family-08,1.0210526315789474,0.45485104990245701,300.90853779650718,class-2,15.16778481730249,synthetic:porous-modulus
porous-modulus-042,family-08,1.0210526315789474,0.09294176105173392,326.66398176388293,class-2,41.883390380331704,synthetic:porous-modulus
porous-modulus-043,family-08,1.0210526315789474,0.40145596677009371,332.95908139841424,class-2,18.225918804566163,synthetic:porous-modulus
porous-modulus-044,family-08,1.0210526315789474,0.33913244576315965,312.02561499693411,class-2,22.265755809881949,synthetic:porous-modulus
porous-modulus-045,family-09,1.0736842105263158,0.43481388241737301,344.68429865126677,class-0,17.068577247982933,synthetic:porous-modulus
porous-modulus-046,family-09,1.0736842105263158,0.13240750649443866,337.36720319601,class-0,40.249924711205587,synthetic:porous-modulus
porous-modulus-047,family-09,1.0736842105263158,0.65935655412517069,357.30758522543323,class-0,6.1924610208445854,synthetic:porous-modulus
porous-modulus-048,family-09,1.0736842105263158,0.64708826672373199,359.11014023812675,class-0,6.6453314002050945,synthetic:porous-modulus
porous-modulus-049,family-09,1.0736842105263158,0.12835823678103286,395.32533489259924,class-0,40.390119975700685,synthetic:porous-modulus
porous-modulus-050,family-10,1.1263157894736842,0.65287862800032759,391.96145730864379,class-1,6.7219131593100876,synthetic:porous-modulus
porous-modulus-051,family-10,1.1263157894736842,0.32773508175871985,335.35152022708007,class-1,25.35629995318552,synthetic:porous-modulus
porous-modulus-052,family-10,1.1263157894736842,0.11286416460952506,388.41528950257725,class-1,43.92035852625245,synthetic:porous-modulus
porous-modulus-053,family-10,1.1263157894736842,0.58599722924894637,312.12215664335616,class-1,9.6387989385268629,synthetic:porous-modulus
porous-modulus-054,family-10,1.1263157894736842,0.48573131819198617,395.68143359442371,class-1,14.748478692070929,synthetic:porous-modulus
porous-modulus-055,family-11,1.1789473684210527,0.23696342563046263,332.7078443123392,class-2,34.201501128792096,synthetic:porous-modulus
porous-modulus-056,family-11,1.1789473684210527,0.10652134291593116,314.20919307179111,class-2,46.981649421738268,synthetic:porous-modulus
porous-modulus-057,family-11,1.1789473684210527,0.29070827011031319,334.84563733516489,class-2,29.546842220867955,synthetic:porous-modulus
porous-modulus-058,family-11,1.1789473684210527,0.1269387850242826,325.87117449492001,class-2,44.806569339892988,synthetic:porous-modulus
porous-modulus-059,family-11,1.1789473684210527,0.49652983093013336,389.74702717324749,class-2,14.805019877752381,synthetic:porous-modulus
porous-modulus-060,family-12,1.2315789473684209,0.46187407724588098,298.01143222537695,class-0,17.831980941726155,synthetic:porous-modulus
porous-modulus-061,family-12,1.2315789473684209,0.41470938792992296,331.76773392495409,class-0,21.023565945096294,synthetic:porous-modulus
porous-modulus-062,family-12,1.2315789473684209,0.25178665112624138,314.9711876995616,class-0,34.414818992997681,synthetic:porous-modulus
porous-modulus-063,family-12,1.2315789473684209,0.25000746685588932,390.54918546940007,class-0,34.316901249650719,synthetic:porous-modulus
porous-modulus-064,family-12,1.2315789473684209,0.27477580678175034,284.52707818858596,class-0,32.431090765532979,synthetic:porous-modulus
porous-modulus-065,family-13,1.2842105263157895,0.22131776582435253,346.62157794716569,class-1,38.744494925109144,synthetic:porous-modulus
porous-modulus-066,family-13,1.2842105263157895,0.1121484005913974,376.84338861807021,class-1,50.216830452135156,synthetic:porous-modulus
porous-modulus-067,family-13,1.2842105263157895,0.32819546018590234,386.60151049351646,class-1,28.722817297750428,synthetic:porous-modulus
porous-modulus-068,family-13,1.2842105263157895,0.070554785289299843,341.67249058879747,class-1,55.227196208727094,synthetic:porous-modulus
porous-modulus-069,family-13,1.2842105263157895,0.35785281512062395,371.66792026550286,class-1,26.28235008468166,synthetic:porous-modulus
porous-modulus-070,family-14,1.3368421052631578,0.29731520071301504,353.52696927615847,class-2,32.821090902367516,synthetic:porous-modulus
porous-modulus-071,family-14,1.3368421052631578,0.58430949085293871,352.89624923865671,class-2,11.48681578258196,synthetic:porous-modulus
porous-modulus-072,family-14,1.3368421052631578,0.65369110351793414,300.96893817660913,class-2,8.0139837682036976,synthetic:porous-modulus
porous-modulus-073,family-14,1.3368421052631578,0.47311730147007225,358.56278524735012,class-2,18.443349242192138,synthetic:porous-modulus
porous-modulus-074,family-14,1.3368421052631578,0.38923360802094192,331.06179266106886,class-2,24.852046004040943,synthetic:porous-modulus
porous-modulus-075,family-15,1.3894736842105262,0.10041629082225026,365.7144405744225,class-0,55.840936310906514,synthetic:porous-modulus
porous-modulus-076,family-15,1.3894736842105262,0.36408119734300959,309.01994661137957,class-0,28.06369221760119,synthetic:porous-modulus
porous-modulus-077,family-15,1.3894736842105262,0.20878329085276953,395.80679489361046,class-0,43.066802279552661,synthetic:porous-modulus
porous-modulus-078,family-15,1.3894736842105262,0.12216634848866956,324.32249009704162,class-0,53.394939972564956,synthetic:porous-modulus
porous-modulus-079,family-15,1.3894736842105262,0.44532231038223224,296.42412035721338,class-0,21.378151985199686,synthetic:porous-modulus
porous-modulus-080,family-16,1.4421052631578948,0.24901569616768343,286.8176771732596,class-1,40.711214360031398,synthetic:porous-modulus
porous-modulus-081,family-16,1.4421052631578948,0.65388205323328674,394.26403999209964,class-1,8.5548865970549279,synthetic:porous-modulus
porous-modulus-082,family-16,1.4421052631578948,0.092743889147886449,382.83056184778292,class-1,58.84734999614075,synthetic:porous-modulus
porous-modulus-083,family-16,1.4421052631578948,0.42221904213047279,345.34050052599122,class-1,23.957007097308377,synthetic:porous-modulus
porous-modulus-084,family-16,1.4421052631578948,0.48763690791346825,286.39835072265964,class-1,18.950741309794953,synthetic:porous-modulus
porous-modulus-085,family-17,1.4947368421052629,0.45085836721822514,347.06546306019106,class-2,22.426802268521083,synthetic:porous-modulus
porous-modulus-086,family-17,1.4947368421052629,0.6590896582332687,358.7368903738971,class-2,8.6331499218131018,synthetic:porous-modulus
porous-modulus-087,family-17,1.4947368421052629,0.6959722744300485,387.16371799417885,class-2,6.8465443634930239,synthetic:porous-modulus
porous-modulus-088,family-17,1.4947368421052629,0.25675295259984804,383.87742007774773,class-2,40.931288187596031,synthetic:porous-modulus
porous-modulus-089,family-17,1.4947368421052629,0.15735074774722643,297.79779560733482,class-2,53.068547915940222,synthetic:porous-modulus
porous-modulus-090,family-18,1.5473684210526315,0.46193514978097822,330.9528339805666,class-0,22.325412475017227,synthetic:porous-modulus
porous-modulus-091,family-18,1.5473684210526315,0.40907513443772486,341.40101153124351,class-0,26.899194784608898,synthetic:porous-modulus
porous-modulus-092,family-18,1.5473684210526315,0.39175559456709569,322.95741931167572,class-0,28.551881869001949,synthetic:porous-modulus
porous-modulus-093,family-18,1.5473684210526315,0.52140721167512138,326.99512906036438,class-0,17.669935431296206,synthetic:porous-modulus
porous-modulus-094,family-18,1.5473684210526315,0.18869353871252326,338.644465134668,class-0,50.718317678889491,synthetic:porous-modulus
porous-modulus-095,family-19,1.6000000000000001,0.31431277160963239,319.18031005626813,class-1,37.533691755713292,synthetic:porous-modulus
porous-modulus-096,family-19,1.6000000000000001,0.39930958666846555,315.30425785206506,class-1,28.816366792804381,synthetic:porous-modulus
porous-modulus-097,family-19,1.6000000000000001,0.42153801631962762,399.76224500116871,class-1,26.497049276883356,synthetic:porous-modulus
porous-modulus-098,family-19,1.6000000000000001,0.62585388110105711,355.58464096734286,class-1,11.134337428617238,synthetic:porous-modulus
porous-modulus-099,family-19,1.6000000000000001,0.53652860662925428,309.77288581995754,class-1,17.164227530946622,synthetic:porous-modulus
