row_id,group_id,family_parameter,residence_time,temperature,class,conversion,source_id
catalyst-conversion-000,family-00,0.59999999999999998,8.4017916424584023,347.73824820431258,class-0,0.38197301729499744,synthetic:catalyst-conversion
catalyst-conversion-001,family-00,0.59999999999999998,6.9522666714107357,431.54690106021121,class-0,0.79984421254051763,synthetic:catalyst-conversion
catalyst-conversion-002,family-00,0.59999999999999998,2.239279399445564,352.61614289459345,class-0,0.13209149885984084,synthetic:catalyst-conversion
catalyst-conversion-003,family-00,0.59999999999999998,1.3415777896153247,352.86935121814793,class-0,0.081770943935219886,synthetic:catalyst-conversion
catalyst-conversion-004,family-00,0.59999999999999998,3.8131859626391256,338.26396805021761,class-0,0.16353573331653648,synthetic:catalyst-conversion
catalyst-conversion-005,family-01,0.65263157894736845,7.5634963294433302,418.96240710795774,class-1,0.79801851381168587,synthetic:catalyst-conversion
catalyst-conversion-006,family-01,0.65263157894736845,7.3783608194286021,395.99363100127425,class-1,0.66842415747608475,synthetic:catalyst-conversion
catalyst-conversion-007,family-01,0.65263157894736845,4.1876058771511193,412.75809145805295,class-1,0.55498458244064275,synthetic:catalyst-conversion
catalyst-conversion-008,family-01,0.65263157894736845,6.4848205576042757,346.08839653646442,class-1,0.32321100899596367,synthetic:catalyst-conversion
catalyst-conversion-009,family-01,0.65263157894736845,8.2596324665888687,325.89291261958988,class-1,0.27225424097371853,synthetic:catalyst-conversion
catalyst-conversion-010,family-02,0.70526315789473681,0.75619833487352239,333.58246782248006,class-2,0.036829135209214936,synthetic:catalyst-conversion
catalyst-conversion-011,family-02,0.70526315789473681,5.4291426461403267,425.26627190397335,class-2,0.74219170915923716,synthetic:catalyst-conversion
catalyst-conversion-012,family-02,0.70526315789473681,7.5831388617525866,312.04807962799742,class-2,0.20096045745731872,synthetic:catalyst-conversion
catalyst-conversion-013,family-02,0.70526315789473681,8.2707184134562937,448.02989985982151,class-2,0.93819808564583429,synthetic:catalyst-conversion
catalyst-conversion-014,family-02,0.70526315789473681,2.2692174221890702,374.13043221912829,class-2,0.22406837569069582,synthetic:catalyst-conversion
catalyst-conversion-015,family-03,0.75789473684210518,4.8909134503716594,398.23054213916669,class-0,0.58540073279823046,synthetic:catalyst-conversion
catalyst-conversion-016,family-03,0.75789473684210518,3.7245663875722657,437.9606379771148,class-0,0.69425142760747471,synthetic:catalyst-conversion
catalyst-conversion-017,family-03,0.75789473684210518,2.7269561449259019,422.5930483602516,class-0,0.50587326930473964,synthetic:catalyst-conversion
catalyst-conversion-018,family-03,0.75789473684210518,8.0034687617607556,372.52923548725971,class-0,0.60714338238567844,synthetic:catalyst-conversion
catalyst-conversion-019,family-03,0.75789473684210518,5.6455573655907623,314.14001443307558,class-0,0.17248021697160465,synthetic:catalyst-conversion
catalyst-conversion-020,family-04,0.81052631578947365,5.6655713014041478,386.10656872289525,class-1,0.59162776172223097,synthetic:catalyst-conversion
catalyst-conversion-021,family-04,0.81052631578947365,2.7323735552141155,365.05467223869607,class-1,0.2571999607468971,synthetic:catalyst-conversion
catalyst-conversion-022,family-04,0.81052631578947365,7.0097549480672319,404.41201586951968,class-1,0.77358988477992185,synthetic:catalyst-conversion
catalyst-conversion-023,family-04,0.81052631578947365,0.69854447703627454,324.84621632809632,class-1,0.032040850183560066,synthetic:catalyst-conversion
catalyst-conversion-024,family-04,0.81052631578947365,9.719133662487204,361.45645266433979,class-1,0.6276452557830281,synthetic:catalyst-conversion
catalyst-conversion-025,family-05,0.86315789473684212,5.0561379615506841,327.07809573088554,class-2,0.23245032602389193,synthetic:catalyst-conversion
catalyst-conversion-026,family-05,0.86315789473684212,1.9836090844902596,441.73142511753974,class-2,0.52981989779599403,synthetic:catalyst-conversion
catalyst-conversion-027,family-05,0.86315789473684212,4.6740731266933357,367.16503786019337,class-2,0.43072447201473896,synthetic:catalyst-conversion
catalyst-conversion-028,family-05,0.86315789473684212,7.1687997988754786,304.50277433317979,class-2,0.19170790742192212,synthetic:catalyst-conversion
catalyst-conversion-029,family-05,0.86315789473684212,8.2640473827437475,308.21615959251596,class-2,0.23727497815120224,synthetic:catalyst-conversion
catalyst-conversion-030,family-06,0.91578947368421049,8.7081390903667959,399.75642254855393,class-0,0.85631422736286544,synthetic:catalyst-conversion
catalyst-conversion-031,family-06,0.91578947368421049,7.6744257021725675,343.09892191392288,class-0,0.45597483555679963,synthetic:catalyst-conversion
catalyst-conversion-032,family-06,0.91578947368421049,3.8465130008844124,434.16729254196866,class-0,0.75507544403383919,synthetic:catalyst-conversion
catalyst-conversion-033,family-06,0.91578947368421049,3.0393298649246554,374.17927824484127,class-0,0.3569937341209275,synthetic:catalyst-conversion
catalyst-conversion-034,family-06,0.91578947368421049,7.0082292177517731,385.30712681895881,class-0,0.70916050481510284,synthetic:catalyst-conversion
catalyst-conversion-035,family-07,0.96842105263157885,4.6469704116692148,388.61195966449873,class-1,0.59951193377696876,synthetic:catalyst-conversion
catalyst-conversion-036,family-07,0.96842105263157885,5.4277943526372372,420.18794440655961,class-1,0.82329076745509577,synthetic:catalyst-conversion
catalyst-conversion-037,family-07,0.96842105263157885,8.6459747920209669,377.48898062333672,class-1,0.75550483672572577,synthetic:catalyst-conversion
catalyst-conversion-038,family-07,0.96842105263157885,1.2023663580765351,305.88560244229922,class-1,0.040712303791915594,synthetic:catalyst-conversion
catalyst-conversion-039,family-07,0.96842105263157885,0.5604765051428342,424.7632305042228,class-1,0.17372005524510403,synthetic:catalyst-conversion
catalyst-conversion-040,family-08,1.0210526315789474,2.5958875605204481,423.47675334083158,class-2,0.59961312929180366,synthetic:catalyst-conversion
catalyst-conversion-041,family-08,1.0210526315789474,4.048286190018958,315.31593804584281,class-2,0.17172165227229375,synthetic:catalyst-conversion
catalyst-conversion-042,family-08,1.0210526315789474,3.0326449488337008,393.85472828920626,class-2,0.49637937041433478,synthetic:catalyst-conversion
catalyst-conversion-043,family-08,1.0210526315789474,8.951698394000644,327.72232251611274,class-2,0.4301865037918009,synthetic:catalyst-conversion
catalyst-conversion-044,family-08,1.0210526315789474,4.613329089990474,371.77560416195013,class-2,0.51117247461286941,synthetic:catalyst-conversion
catalyst-conversion-045,family-09,1.0736842105263158,3.587778362184971,353.48426196067516,class-0,0.33854494657120549,synthetic:catalyst-conversion
catalyst-conversion-046,family-09,1.0736842105263158,3.8212820669635774,425.99692529751508,class-0,0.7694336023377526,synthetic:catalyst-conversion
catalyst-conversion-047,family-09,1.0736842105263158,6.1393999798956278,355.508709730112,class-0,0.52113022342730497,synthetic:catalyst-conversion
catalyst-conversion-048,family-09,1.0736842105263158,4.796644839323875,446.48993106361866,class-0,0.91027721095799441,synthetic:catalyst-conversion
catalyst-conversion-049,family-09,1.0736842105263158,1.2998973592337582,445.60909014845595,class-0,0.47596702297538473,synthetic:catalyst-conversion
catalyst-conversion-050,family-10,1.1263157894736842,5.0212708852784207,399.56267912956298,class-1,0.74633008176086402,synthetic:catalyst-conversion
catalyst-conversion-051,family-10,1.1263157894736842,7.4682922912800684,401.27375766626386,class-1,0.87697515385360369,synthetic:catalyst-conversion
catalyst-conversion-052,family-10,1.1263157894736842,7.6463424359329561,322.06794807638863,class-1,0.37094039905433107,synthetic:catalyst-conversion
catalyst-conversion-053,family-10,1.1263157894736842,9.8219986089145426,324.09336377102153,class-1,0.46474716242255543,synthetic:catalyst-conversion
catalyst-conversion-054,family-10,1.1263157894736842,4.0984964968797239,341.33312919517584,class-1,0.3195842091269695,synthetic:catalyst-conversion
catalyst-conversion-055,family-11,1.1789473684210527,8.4296979925326472,368.96148065160446,class-2,0.76178726820510345,synthetic:catalyst-conversion
catalyst-conversion-056,family-11,1.1789473684210527,6.5238268610517807,360.33400556165884,class-2,0.61092306355110992,synthetic:catalyst-conversion
catalyst-conversion-057,family-11,1.1789473684210527,0.82847249313866844,330.73418991769074,class-2,0.062395718280072177,synthetic:catalyst-conversion
catalyst-conversion-058,family-11,1.1789473684210527,6.9433238060667515,429.65844779940778,class-2,0.95392312346154451,synthetic:catalyst-conversion
catalyst-conversion-059,family-11,1.1789473684210527,9.8656036538697478,318.25818075034755,class-2,0.4347355986415341,synthetic:catalyst-conversion
catalyst-conversion-060,family-12,1.2315789473684209,2.8692698055136345,351.88927446903961,class-0,0.30732070241717913,synthetic:catalyst-conversion
catalyst-conversion-061,family-12,1.2315789473684209,4.0627340891688712,425.67408106974449,class-0,0.83159412560220014,synthetic:catalyst-conversion
catalyst-conversion-062,family-12,1.2315789473684209,3.0098975744987082,443.46409601480985,class-0,0.81182100767335708,synthetic:catalyst-conversion
catalyst-conversion-063,family-12,1.2315789473684209,7.2843484511794925,401.9699169608075,class-0,0.89554604808705207,synthetic:catalyst-conversion
catalyst-conversion-064,family-12,1.2315789473684209,9.040077487019353,358.65224717427037,class-0,0.73359248821316059,synthetic:catalyst-conversion
catalyst-conversion-065,family-13,1.2842105263157895,2.6852155908944613,414.05765294992636,class-1,0.64696803304394535,synthetic:catalyst-conversion
catalyst-conversion-066,family-13,1.2842105263157895,3.9916365409920376,441.49899750444058,class-1,0.89487573430400424,synthetic:catalyst-conversion
catalyst-conversion-067,family-13,1.2842105263157895,7.9465173128519302,302.64014060195171,class-1,0.28373782032055783,synthetic:catalyst-conversion
catalyst-conversion-068,family-13,1.2842105263157895,8.8867339008042006,328.21924223658749,class-1,0.50856741069749567,synthetic:catalyst-conversion
catalyst-conversion-069,family-13,1.2842105263157895,9.754787048214272,356.3108900763192,class-1,0.75868844426745363,synthetic:catalyst-conversion
catalyst-conversion-070,family-14,1.3368421052631578,7.8354145375564759,317.89136160648644,class-2,0.39897136201239047,synthetic:catalyst-conversion
catalyst-conversion-071,family-14,1.3368421052631578,7.2334475546415513,351.1531699179161,class-2,0.62840417860357789,synthetic:catalyst-conversion
catalyst-conversion-072,family-14,1.3368421052631578,2.9833298595599267,423.17818282636244,class-2,0.74628795073060983,synthetic:catalyst-conversion
catalyst-conversion-073,family-14,1.3368421052631578,2.7600332728104258,309.93036141564602,class-2,0.13630295313457585,synthetic:catalyst-conversion
catalyst-conversion-074,family-14,1.3368421052631578,3.7058682119027795,322.73439745524382,class-2,0.23734804313354363,synthetic:catalyst-conversion
catalyst-conversion-075,family-15,1.3894736842105262,7.3930829027765768,306.623275407618,class-0,0.31200091664747998,synthetic:catalyst-conversion
catalyst-conversion-076,family-15,1.3894736842105262,5.5402213777794032,322.20604041118656,class-0,0.34012526053534997,synthetic:catalyst-conversion
catalyst-conversion-077,family-15,1.3894736842105262,4.4350075913810985,314.41666903410635,class-0,0.24011017673232038,synthetic:catalyst-conversion
catalyst-conversion-078,family-15,1.3894736842105262,4.1994557043063701,399.11779267747795,class-0,0.75473627060743242,synthetic:catalyst-conversion
catalyst-conversion-079,family-15,1.3894736842105262,6.2652258650387376,424.67418209214281,class-0,0.9529587327668213,synthetic:catalyst-conversion
catalyst-conversion-080,family-16,1.4421052631578948,6.739542155649171,330.85091916887563,class-1,0.47418744648334699,synthetic:catalyst-conversion
catalyst-conversion-081,family-16,1.4421052631578948,5.6462197940717163,433.57910400492369,class-1,0.96030430109846954,synthetic:catalyst-conversion
catalyst-conversion-082,family-16,1.4421052631578948,9.8422001009512101,445.60349352092089,class-1,0.99859979129229681,synthetic:catalyst-conversion
catalyst-conversion-083,family-16,1.4421052631578948,9.154369110331146,399.82622727617854,class-1,0.95985287776912287,synthetic:catalyst-conversion
catalyst-conversion-084,family-16,1.4421052631578948,4.8976146896895738,382.15345495321526,class-1,0.72423464240825619,synthetic:catalyst-conversion
catalyst-conversion-085,family-17,1.4947368421052629,3.268008175907577,367.23944354706526,class-2,0.49494049421935327,synthetic:catalyst-conversion
catalyst-conversion-086,family-17,1.4947368421052629,4.5341790537473399,390.21268891638454,class-2,0.75706554715199725,synthetic:catalyst-conversion
catalyst-conversion-087,family-17,1.4947368421052629,0.89251890081301122,333.13668766113892,class-2,0.088742396005048518,synthetic:catalyst-conversion
catalyst-conversion-088,family-17,1.4947368421052629,5.0674925473141386,371.57458197381311,class-2,0.68233690245850576,synthetic:catalyst-conversion
catalyst-conversion-089,family-17,1.4947368421052629,1.3980456543989597,432.94960073131227,class-2,0.56007557488256743,synthetic:catalyst-conversion
catalyst-conversion-090,family-18,1.5473684210526315,8.522414696779208,419.06661029699143,class-0,0.98615352933344891,synthetic:catalyst-conversion
catalyst-conversion-091,family-18,1.5473684210526315,4.1141084234809266,314.96839984199414,class-0,0.24996656391912508,synthetic:catalyst-conversion
catalyst-conversion-092,family-18,1.5473684210526315,2.5533047227917662,346.1716678052307,class-0,0.30586004817875434,synthetic:catalyst-conversion
catalyst-conversion-093,family-18,1.5473684210526315,4.4763198670247046,309.24684698903894,class-0,0.23678658193363322,synthetic:catalyst-conversion
catalyst-conversion-094,family-18,1.5473684210526315,2.7503502773395714,328.55623523433042,class-0,0.23433002445787765,synthetic:catalyst-conversion
catalyst-conversion-095,family-19,1.6000000000000001,1.2191205709490389,392.55529973293153,class-1,0.34499315497833327,synthetic:catalyst-conversion
catalyst-conversion-096,family-19,1.6000000000000001,5.198602738769833,413.19320289278158,class-1,0.91625026466047332,synthetic:catalyst-conversion
catalyst-conversion-097,family-19,1.6000000000000001,4.5473004342051988,417.99847990514763,class-1,0.90226347197565793,synthetic:catalyst-conversion
catalyst-conversion-098,family-19,1.6000000000000001,2.601314492991559,317.79342525417758,class-1,0.18274579868282947,synthetic:catalyst-conversion
catalyst-conversion-099,family-19,1.6000000000000001,3.5889468116483205,413.36380753581687,class-1,0.82027701005844089,synthetic:catalyst-conversion
